trip_id,trip_no,column_index,route_id,direction,stop_id,stop_name,stop_order,scheduled_time
98_up_001,1,11,98_up,up,98001,宜野湾営業所,1,09:30
98_up_001,1,11,98_up,up,98002,宜野湾高校前,2,09:30
98_up_001,1,11,98_up,up,98003,コンベンションセンター前,3,09:32
98_up_001,1,11,98_up,up,98004,ラグナガーデンホテル前,4,09:33
98_up_001,1,11,98_up,up,98005,県営大山住宅前,5,09:34
98_up_001,1,11,98_up,up,98006,老人ホ－ム愛誠園前,6,09:38
98_up_001,1,11,98_up,up,98007,市営伊佐住宅前,7,09:39
98_up_001,1,11,98_up,up,98008,宜野湾市農協前,8,09:40
98_up_001,1,11,98_up,up,98009,伊佐川,9,09:42
98_up_001,1,11,98_up,up,98010,喜友名,10,09:44
98_up_001,1,11,98_up,up,98011,新城,11,09:45
98_up_001,1,11,98_up,up,98012,普天間入口,12,09:46
98_up_001,1,11,98_up,up,98013,普天間,13,09:49
98_up_001,1,11,98_up,up,98014,普天間市場入口,14,09:50
98_up_001,1,11,98_up,up,98015,野嵩,15,09:52
98_up_001,1,11,98_up,up,98016,宜野湾市役所前,16,09:53
98_up_001,1,11,98_up,up,98017,上原,17,09:55
98_up_001,1,11,98_up,up,98018,中原,18,09:56
98_up_001,1,11,98_up,up,98019,赤道,19,09:58
98_up_001,1,11,98_up,up,98020,愛知,20,09:59
98_up_001,1,11,98_up,up,98021,宜野湾,21,10:00
98_up_001,1,11,98_up,up,98027,長田,27,10:01
98_up_001,1,11,98_up,up,98028,志真志,28,10:03
98_up_001,1,11,98_up,up,98029,中部商業高校前,29,10:05
98_up_001,1,11,98_up,up,98030,我如古,30,10:07
98_up_001,1,11,98_up,up,98031,佐真下,31,10:08
98_up_001,1,11,98_up,up,98036,真栄原,36,10:10
98_up_001,1,11,98_up,up,98037,広栄団地入口,37,10:11
98_up_001,1,11,98_up,up,98038,広栄,38,10:12
98_up_001,1,11,98_up,up,98039,嘉数,39,10:15
98_up_001,1,11,98_up,up,98040,浅野浦,40,10:17
98_up_001,1,11,98_up,up,98041,大平,41,10:18
98_up_001,1,11,98_up,up,98042,陽明高校前,42,10:20
98_up_001,1,11,98_up,up,98043,沢岻,43,10:21
98_up_001,1,11,98_up,up,98044,末吉団地前,44,10:22
98_up_001,1,11,98_up,up,98045,古島駅前,45,10:23
98_up_001,1,11,98_up,up,98046,興南高校前,46,10:24
98_up_001,1,11,98_up,up,98047,真嘉比,47,10:25
98_up_001,1,11,98_up,up,98048,おもろまち駅前,48,10:27
98_up_001,1,11,98_up,up,98049,安里一区,49,10:28
98_up_001,1,11,98_up,up,98056,安里,56,10:33
98_up_001,1,11,98_up,up,98057,牧志,57,10:34
98_up_001,1,11,98_up,up,98058,ホテルコレクティブ前,58,10:39
98_up_001,1,11,98_up,up,98059,県庁北口,59,10:45
98_up_001,1,11,98_up,up,98060,旭橋,60,10:49
98_up_001,1,11,98_up,up,98061,公園前,61,10:53
98_up_001,1,11,98_up,up,98062,軍桟橋前,62,10:54
98_up_001,1,11,98_up,up,98063,山下,63,10:55
98_up_001,1,11,98_up,up,98064,小禄入口,64,10:56
98_up_001,1,11,98_up,up,98065,小禄,65,10:58
98_up_001,1,11,98_up,up,98066,小禄自治会館入口,66,11:00
98_up_001,1,11,98_up,up,98067,小禄南小学校入口,67,11:01
98_up_001,1,11,98_up,up,98068,宇栄原団地前,68,11:02
98_up_001,1,11,98_up,up,98069,とみぐすく南,69,11:04
98_up_001,1,11,98_up,up,98070,平和台北口,70,11:05
98_up_001,1,11,98_up,up,98071,宜保公民館前,71,11:06
98_up_001,1,11,98_up,up,98072,宜保,72,11:07
98_up_001,1,11,98_up,up,98073,豊見城中央病院前,73,11:10
98_up_001,1,11,98_up,up,98074,平和台団地入口,74,11:11
98_up_001,1,11,98_up,up,98075,我那覇,75,11:14
98_up_001,1,11,98_up,up,98076,伊良波,76,11:15
98_up_001,1,11,98_up,up,98077,座安入口,77,11:16
98_up_001,1,11,98_up,up,98078,与根入口,78,11:17
98_up_001,1,11,98_up,up,98079,翁長北,79,11:19
98_up_001,1,11,98_up,up,98080,豊崎入口,80,11:21
98_up_001,1,11,98_up,up,98081,アウトレットモールあしびなー前,81,11:22
98_up_001,1,11,98_up,up,98082,道の駅豊崎,82,11:23
98_up_001,1,11,98_up,up,98083,豊崎美らSUNビーチ前,83,11:26
98_up_002,2,3,98_up,up,98001,宜野湾営業所,1,0･:･･
98_up_002,2,3,98_up,up,98002,宜野湾高校前,2,0･:･･
98_up_002,2,3,98_up,up,98003,コンベンションセンター前,3,0･:･･
98_up_002,2,3,98_up,up,98004,ラグナガーデンホテル前,4,0･:･･
98_up_002,2,3,98_up,up,98005,県営大山住宅前,5,0･:･･
98_up_002,2,3,98_up,up,98006,老人ホ－ム愛誠園前,6,0･:･･
98_up_002,2,3,98_up,up,98007,市営伊佐住宅前,7,0･:･･
98_up_002,2,3,98_up,up,98008,宜野湾市農協前,8,0･:･･
98_up_002,2,3,98_up,up,98009,伊佐川,9,0･:･･
98_up_002,2,3,98_up,up,98010,喜友名,10,0･:･･
98_up_002,2,3,98_up,up,98011,新城,11,0･:･･
98_up_002,2,3,98_up,up,98012,普天間入口,12,0･:･･
98_up_002,2,3,98_up,up,98013,普天間,13,0･:･･
98_up_002,2,3,98_up,up,98014,普天間市場入口,14,0･:･･
98_up_002,2,3,98_up,up,98015,野嵩,15,0･:･･
98_up_002,2,3,98_up,up,98016,宜野湾市役所前,16,0･:･･
98_up_002,2,3,98_up,up,98017,上原,17,0･:･･
98_up_002,2,3,98_up,up,98018,中原,18,0･:･･
98_up_002,2,3,98_up,up,98019,赤道,19,0･:･･
98_up_002,2,3,98_up,up,98020,愛知,20,0･:･･
98_up_002,2,3,98_up,up,98021,宜野湾,21,0･:･･
98_up_002,2,3,98_up,up,98022,琉大北口駐車場,22,06:00
98_up_002,2,3,98_up,up,98023,志真志三丁目,23,06:01
98_up_002,2,3,98_up,up,98024,志真志ハイツ入口,24,06:02
98_up_002,2,3,98_up,up,98025,志真志住宅前,25,06:04
98_up_002,2,3,98_up,up,98026,長田,26,06:05
98_up_002,2,3,98_up,up,98032,沖縄国際大学入口,32,06:07
98_up_002,2,3,98_up,up,98033,沖縄国際大学前,33,06:08
98_up_002,2,3,98_up,up,98034,第一佐真下,34,06:09
98_up_002,2,3,98_up,up,98035,第二佐真下,35,06:10
98_up_002,2,3,98_up,up,98036,真栄原,36,06:12
98_up_002,2,3,98_up,up,98037,広栄団地入口,37,06:13
98_up_002,2,3,98_up,up,98038,広栄,38,06:14
98_up_002,2,3,98_up,up,98039,嘉数,39,06:17
98_up_002,2,3,98_up,up,98040,浅野浦,40,06:19
98_up_002,2,3,98_up,up,98041,大平,41,06:20
98_up_002,2,3,98_up,up,98042,陽明高校前,42,06:21
98_up_002,2,3,98_up,up,98043,沢岻,43,06:22
98_up_002,2,3,98_up,up,98044,末吉団地前,44,06:23
98_up_002,2,3,98_up,up,98045,古島駅前,45,06:24
98_up_002,2,3,98_up,up,98046,興南高校前,46,06:25
98_up_002,2,3,98_up,up,98047,真嘉比,47,06:26
98_up_002,2,3,98_up,up,98048,おもろまち駅前,48,06:28
98_up_002,2,3,98_up,up,98049,安里一区,49,06:30
98_up_002,2,3,98_up,up,98056,安里,56,06:33
98_up_002,2,3,98_up,up,98057,牧志,57,06:34
98_up_002,2,3,98_up,up,98058,ホテルコレクティブ前,58,06:36
98_up_002,2,3,98_up,up,98059,県庁北口,59,06:40
98_up_002,2,3,98_up,up,98060,旭橋,60,06:43
98_up_002,2,3,98_up,up,98061,公園前,61,06:46
98_up_002,2,3,98_up,up,98062,軍桟橋前,62,06:47
98_up_002,2,3,98_up,up,98063,山下,63,06:48
98_up_002,2,3,98_up,up,98064,小禄入口,64,06:49
98_up_002,2,3,98_up,up,98065,小禄,65,06:50
98_up_002,2,3,98_up,up,98066,小禄自治会館入口,66,06:51
98_up_002,2,3,98_up,up,98067,小禄南小学校入口,67,06:52
98_up_002,2,3,98_up,up,98068,宇栄原団地前,68,06:53
98_up_002,2,3,98_up,up,98069,とみぐすく南,69,06:55
98_up_002,2,3,98_up,up,98070,平和台北口,70,06:56
98_up_002,2,3,98_up,up,98071,宜保公民館前,71,06:57
98_up_002,2,3,98_up,up,98072,宜保,72,06:58
98_up_002,2,3,98_up,up,98073,豊見城中央病院前,73,07:00
98_up_002,2,3,98_up,up,98074,平和台団地入口,74,07:01
98_up_002,2,3,98_up,up,98075,我那覇,75,07:04
98_up_002,2,3,98_up,up,98076,伊良波,76,07:05
98_up_002,2,3,98_up,up,98077,座安入口,77,07:06
98_up_002,2,3,98_up,up,98078,与根入口,78,07:06
98_up_002,2,3,98_up,up,98079,翁長北,79,07:08
98_up_002,2,3,98_up,up,98080,豊崎入口,80,07:10
98_up_002,2,3,98_up,up,98081,アウトレットモールあしびなー前,81,07:11
98_up_002,2,3,98_up,up,98082,道の駅豊崎,82,07:12
98_up_002,2,3,98_up,up,98083,豊崎美らSUNビーチ前,83,0･:･･
98_up_003,3,4,98_up,up,98001,宜野湾営業所,1,0･:･･
98_up_003,3,4,98_up,up,98002,宜野湾高校前,2,0･:･･
98_up_003,3,4,98_up,up,98003,コンベンションセンター前,3,0･:･･
98_up_003,3,4,98_up,up,98004,ラグナガーデンホテル前,4,0･:･･
98_up_003,3,4,98_up,up,98005,県営大山住宅前,5,0･:･･
98_up_003,3,4,98_up,up,98006,老人ホ－ム愛誠園前,6,0･:･･
98_up_003,3,4,98_up,up,98007,市営伊佐住宅前,7,0･:･･
98_up_003,3,4,98_up,up,98008,宜野湾市農協前,8,0･:･･
98_up_003,3,4,98_up,up,98009,伊佐川,9,0･:･･
98_up_003,3,4,98_up,up,98010,喜友名,10,0･:･･
98_up_003,3,4,98_up,up,98011,新城,11,0･:･･
98_up_003,3,4,98_up,up,98012,普天間入口,12,0･:･･
98_up_003,3,4,98_up,up,98013,普天間,13,0･:･･
98_up_003,3,4,98_up,up,98014,普天間市場入口,14,0･:･･
98_up_003,3,4,98_up,up,98015,野嵩,15,0･:･･
98_up_003,3,4,98_up,up,98016,宜野湾市役所前,16,0･:･･
98_up_003,3,4,98_up,up,98017,上原,17,0･:･･
98_up_003,3,4,98_up,up,98018,中原,18,0･:･･
98_up_003,3,4,98_up,up,98019,赤道,19,0･:･･
98_up_003,3,4,98_up,up,98020,愛知,20,0･:･･
98_up_003,3,4,98_up,up,98021,宜野湾,21,0･:･･
98_up_003,3,4,98_up,up,98022,琉大北口駐車場,22,06:25
98_up_003,3,4,98_up,up,98023,志真志三丁目,23,06:26
98_up_003,3,4,98_up,up,98024,志真志ハイツ入口,24,06:27
98_up_003,3,4,98_up,up,98025,志真志住宅前,25,06:29
98_up_003,3,4,98_up,up,98026,長田,26,06:30
98_up_003,3,4,98_up,up,98032,沖縄国際大学入口,32,06:32
98_up_003,3,4,98_up,up,98033,沖縄国際大学前,33,06:33
98_up_003,3,4,98_up,up,98034,第一佐真下,34,06:34
98_up_003,3,4,98_up,up,98035,第二佐真下,35,06:36
98_up_003,3,4,98_up,up,98036,真栄原,36,06:38
98_up_003,3,4,98_up,up,98037,広栄団地入口,37,06:39
98_up_003,3,4,98_up,up,98038,広栄,38,06:40
98_up_003,3,4,98_up,up,98039,嘉数,39,06:43
98_up_003,3,4,98_up,up,98040,浅野浦,40,06:45
98_up_003,3,4,98_up,up,98041,大平,41,06:47
98_up_003,3,4,98_up,up,98042,陽明高校前,42,06:49
98_up_003,3,4,98_up,up,98043,沢岻,43,06:51
98_up_003,3,4,98_up,up,98044,末吉団地前,44,06:52
98_up_003,3,4,98_up,up,98045,古島駅前,45,06:54
98_up_003,3,4,98_up,up,98046,興南高校前,46,06:56
98_up_003,3,4,98_up,up,98047,真嘉比,47,06:58
98_up_003,3,4,98_up,up,98048,おもろまち駅前,48,06:59
98_up_003,3,4,98_up,up,98049,安里一区,49,07:01
98_up_003,3,4,98_up,up,98056,安里,56,07:04
98_up_003,3,4,98_up,up,98057,牧志,57,07:05
98_up_003,3,4,98_up,up,98058,ホテルコレクティブ前,58,07:07
98_up_003,3,4,98_up,up,98059,県庁北口,59,07:09
98_up_003,3,4,98_up,up,98060,旭橋,60,07:12
98_up_003,3,4,98_up,up,98061,公園前,61,07:15
98_up_003,3,4,98_up,up,98062,軍桟橋前,62,07:16
98_up_003,3,4,98_up,up,98063,山下,63,07:17
98_up_003,3,4,98_up,up,98064,小禄入口,64,07:19
98_up_003,3,4,98_up,up,98065,小禄,65,07:20
98_up_003,3,4,98_up,up,98066,小禄自治会館入口,66,07:22
98_up_003,3,4,98_up,up,98067,小禄南小学校入口,67,07:23
98_up_003,3,4,98_up,up,98068,宇栄原団地前,68,07:24
98_up_003,3,4,98_up,up,98069,とみぐすく南,69,07:26
98_up_003,3,4,98_up,up,98070,平和台北口,70,07:27
98_up_003,3,4,98_up,up,98071,宜保公民館前,71,07:28
98_up_003,3,4,98_up,up,98072,宜保,72,07:29
98_up_003,3,4,98_up,up,98073,豊見城中央病院前,73,07:31
98_up_003,3,4,98_up,up,98074,平和台団地入口,74,07:32
98_up_003,3,4,98_up,up,98075,我那覇,75,07:35
98_up_003,3,4,98_up,up,98076,伊良波,76,07:35
98_up_003,3,4,98_up,up,98077,座安入口,77,07:36
98_up_003,3,4,98_up,up,98078,与根入口,78,07:36
98_up_003,3,4,98_up,up,98079,翁長北,79,07:38
98_up_003,3,4,98_up,up,98080,豊崎入口,80,07:40
98_up_003,3,4,98_up,up,98081,アウトレットモールあしびなー前,81,07:41
98_up_003,3,4,98_up,up,98082,道の駅豊崎,82,07:42
98_up_003,3,4,98_up,up,98083,豊崎美らSUNビーチ前,83,0･:･･
98_up_004,4,5,98_up,up,98001,宜野湾営業所,1,0･:･･
98_up_004,4,5,98_up,up,98002,宜野湾高校前,2,0･:･･
98_up_004,4,5,98_up,up,98003,コンベンションセンター前,3,0･:･･
98_up_004,4,5,98_up,up,98004,ラグナガーデンホテル前,4,0･:･･
98_up_004,4,5,98_up,up,98005,県営大山住宅前,5,0･:･･
98_up_004,4,5,98_up,up,98006,老人ホ－ム愛誠園前,6,0･:･･
98_up_004,4,5,98_up,up,98007,市営伊佐住宅前,7,0･:･･
98_up_004,4,5,98_up,up,98008,宜野湾市農協前,8,0･:･･
98_up_004,4,5,98_up,up,98009,伊佐川,9,0･:･･
98_up_004,4,5,98_up,up,98010,喜友名,10,0･:･･
98_up_004,4,5,98_up,up,98011,新城,11,0･:･･
98_up_004,4,5,98_up,up,98012,普天間入口,12,0･:･･
98_up_004,4,5,98_up,up,98013,普天間,13,0･:･･
98_up_004,4,5,98_up,up,98014,普天間市場入口,14,0･:･･
98_up_004,4,5,98_up,up,98015,野嵩,15,0･:･･
98_up_004,4,5,98_up,up,98016,宜野湾市役所前,16,0･:･･
98_up_004,4,5,98_up,up,98017,上原,17,0･:･･
98_up_004,4,5,98_up,up,98018,中原,18,0･:･･
98_up_004,4,5,98_up,up,98019,赤道,19,0･:･･
98_up_004,4,5,98_up,up,98020,愛知,20,0･:･･
98_up_004,4,5,98_up,up,98021,宜野湾,21,0･:･･
98_up_004,4,5,98_up,up,98022,琉大北口駐車場,22,06:50
98_up_004,4,5,98_up,up,98023,志真志三丁目,23,06:51
98_up_004,4,5,98_up,up,98024,志真志ハイツ入口,24,06:52
98_up_004,4,5,98_up,up,98025,志真志住宅前,25,06:53
98_up_004,4,5,98_up,up,98026,長田,26,06:55
98_up_004,4,5,98_up,up,98032,沖縄国際大学入口,32,06:58
98_up_004,4,5,98_up,up,98033,沖縄国際大学前,33,06:59
98_up_004,4,5,98_up,up,98034,第一佐真下,34,07:00
98_up_004,4,5,98_up,up,98035,第二佐真下,35,07:02
98_up_004,4,5,98_up,up,98036,真栄原,36,07:04
98_up_004,4,5,98_up,up,98037,広栄団地入口,37,07:06
98_up_004,4,5,98_up,up,98038,広栄,38,07:08
98_up_004,4,5,98_up,up,98039,嘉数,39,07:11
98_up_004,4,5,98_up,up,98040,浅野浦,40,07:14
98_up_004,4,5,98_up,up,98041,大平,41,07:16
98_up_004,4,5,98_up,up,98042,陽明高校前,42,07:18
98_up_004,4,5,98_up,up,98043,沢岻,43,07:20
98_up_004,4,5,98_up,up,98044,末吉団地前,44,07:22
98_up_004,4,5,98_up,up,98045,古島駅前,45,07:23
98_up_004,4,5,98_up,up,98046,興南高校前,46,07:25
98_up_004,4,5,98_up,up,98047,真嘉比,47,07:27
98_up_004,4,5,98_up,up,98048,おもろまち駅前,48,07:29
98_up_004,4,5,98_up,up,98049,安里一区,49,07:31
98_up_004,4,5,98_up,up,98056,安里,56,07:34
98_up_004,4,5,98_up,up,98057,牧志,57,07:35
98_up_004,4,5,98_up,up,98058,ホテルコレクティブ前,58,07:37
98_up_004,4,5,98_up,up,98059,県庁北口,59,07:39
98_up_004,4,5,98_up,up,98060,旭橋,60,07:42
98_up_004,4,5,98_up,up,98061,公園前,61,07:45
98_up_004,4,5,98_up,up,98062,軍桟橋前,62,07:46
98_up_004,4,5,98_up,up,98063,山下,63,07:47
98_up_004,4,5,98_up,up,98064,小禄入口,64,07:49
98_up_004,4,5,98_up,up,98065,小禄,65,07:50
98_up_004,4,5,98_up,up,98066,小禄自治会館入口,66,07:52
98_up_004,4,5,98_up,up,98067,小禄南小学校入口,67,07:53
98_up_004,4,5,98_up,up,98068,宇栄原団地前,68,07:54
98_up_004,4,5,98_up,up,98069,とみぐすく南,69,07:57
98_up_004,4,5,98_up,up,98070,平和台北口,70,07:58
98_up_004,4,5,98_up,up,98071,宜保公民館前,71,07:59
98_up_004,4,5,98_up,up,98072,宜保,72,08:00
98_up_004,4,5,98_up,up,98073,豊見城中央病院前,73,08:02
98_up_004,4,5,98_up,up,98074,平和台団地入口,74,08:03
98_up_004,4,5,98_up,up,98075,我那覇,75,08:06
98_up_004,4,5,98_up,up,98076,伊良波,76,08:06
98_up_004,4,5,98_up,up,98077,座安入口,77,08:08
98_up_004,4,5,98_up,up,98078,与根入口,78,08:08
98_up_004,4,5,98_up,up,98079,翁長北,79,08:11
98_up_004,4,5,98_up,up,98080,豊崎入口,80,08:13
98_up_004,4,5,98_up,up,98081,アウトレットモールあしびなー前,81,08:14
98_up_004,4,5,98_up,up,98082,道の駅豊崎,82,08:16
98_up_004,4,5,98_up,up,98083,豊崎美らSUNビーチ前,83,08:18
98_up_005,5,6,98_up,up,98001,宜野湾営業所,1,0･:･･
98_up_005,5,6,98_up,up,98002,宜野湾高校前,2,0･:･･
98_up_005,5,6,98_up,up,98003,コンベンションセンター前,3,0･:･･
98_up_005,5,6,98_up,up,98004,ラグナガーデンホテル前,4,0･:･･
98_up_005,5,6,98_up,up,98005,県営大山住宅前,5,0･:･･
98_up_005,5,6,98_up,up,98006,老人ホ－ム愛誠園前,6,0･:･･
98_up_005,5,6,98_up,up,98007,市営伊佐住宅前,7,0･:･･
98_up_005,5,6,98_up,up,98008,宜野湾市農協前,8,0･:･･
98_up_005,5,6,98_up,up,98009,伊佐川,9,0･:･･
98_up_005,5,6,98_up,up,98010,喜友名,10,0･:･･
98_up_005,5,6,98_up,up,98011,新城,11,0･:･･
98_up_005,5,6,98_up,up,98012,普天間入口,12,0･:･･
98_up_005,5,6,98_up,up,98013,普天間,13,0･:･･
98_up_005,5,6,98_up,up,98014,普天間市場入口,14,0･:･･
98_up_005,5,6,98_up,up,98015,野嵩,15,0･:･･
98_up_005,5,6,98_up,up,98016,宜野湾市役所前,16,0･:･･
98_up_005,5,6,98_up,up,98017,上原,17,0･:･･
98_up_005,5,6,98_up,up,98018,中原,18,0･:･･
98_up_005,5,6,98_up,up,98019,赤道,19,0･:･･
98_up_005,5,6,98_up,up,98020,愛知,20,0･:･･
98_up_005,5,6,98_up,up,98021,宜野湾,21,0･:･･
98_up_005,5,6,98_up,up,98022,琉大北口駐車場,22,07:20
98_up_005,5,6,98_up,up,98023,志真志三丁目,23,07:21
98_up_005,5,6,98_up,up,98024,志真志ハイツ入口,24,07:22
98_up_005,5,6,98_up,up,98025,志真志住宅前,25,07:24
98_up_005,5,6,98_up,up,98026,長田,26,07:25
98_up_005,5,6,98_up,up,98032,沖縄国際大学入口,32,07:28
98_up_005,5,6,98_up,up,98033,沖縄国際大学前,33,07:29
98_up_005,5,6,98_up,up,98034,第一佐真下,34,07:30
98_up_005,5,6,98_up,up,98035,第二佐真下,35,07:32
98_up_005,5,6,98_up,up,98036,真栄原,36,07:35
98_up_005,5,6,98_up,up,98037,広栄団地入口,37,07:37
98_up_005,5,6,98_up,up,98038,広栄,38,07:40
98_up_005,5,6,98_up,up,98039,嘉数,39,07:44
98_up_005,5,6,98_up,up,98040,浅野浦,40,07:48
98_up_005,5,6,98_up,up,98041,大平,41,07:51
98_up_005,5,6,98_up,up,98042,陽明高校前,42,07:54
98_up_005,5,6,98_up,up,98043,沢岻,43,07:56
98_up_005,5,6,98_up,up,98044,末吉団地前,44,07:58
98_up_005,5,6,98_up,up,98045,古島駅前,45,07:59
98_up_005,5,6,98_up,up,98046,興南高校前,46,08:01
98_up_005,5,6,98_up,up,98047,真嘉比,47,08:03
98_up_005,5,6,98_up,up,98048,おもろまち駅前,48,08:04
98_up_005,5,6,98_up,up,98049,安里一区,49,08:07
98_up_005,5,6,98_up,up,98056,安里,56,08:11
98_up_005,5,6,98_up,up,98057,牧志,57,08:12
98_up_005,5,6,98_up,up,98058,ホテルコレクティブ前,58,08:14
98_up_005,5,6,98_up,up,98059,県庁北口,59,08:16
98_up_005,5,6,98_up,up,98060,旭橋,60,08:19
98_up_005,5,6,98_up,up,98061,公園前,61,08:23
98_up_005,5,6,98_up,up,98062,軍桟橋前,62,08:24
98_up_005,5,6,98_up,up,98063,山下,63,08:24
98_up_005,5,6,98_up,up,98064,小禄入口,64,08:26
98_up_005,5,6,98_up,up,98065,小禄,65,08:28
98_up_005,5,6,98_up,up,98066,小禄自治会館入口,66,08:30
98_up_005,5,6,98_up,up,98067,小禄南小学校入口,67,08:31
98_up_005,5,6,98_up,up,98068,宇栄原団地前,68,08:32
98_up_005,5,6,98_up,up,98069,とみぐすく南,69,08:34
98_up_005,5,6,98_up,up,98070,平和台北口,70,08:35
98_up_005,5,6,98_up,up,98071,宜保公民館前,71,08:36
98_up_005,5,6,98_up,up,98072,宜保,72,08:37
98_up_005,5,6,98_up,up,98073,豊見城中央病院前,73,08:39
98_up_005,5,6,98_up,up,98074,平和台団地入口,74,08:40
98_up_005,5,6,98_up,up,98075,我那覇,75,08:44
98_up_005,5,6,98_up,up,98076,伊良波,76,08:44
98_up_005,5,6,98_up,up,98077,座安入口,77,08:46
98_up_005,5,6,98_up,up,98078,与根入口,78,08:46
98_up_005,5,6,98_up,up,98079,翁長北,79,08:48
98_up_005,5,6,98_up,up,98080,豊崎入口,80,08:50
98_up_005,5,6,98_up,up,98081,アウトレットモールあしびなー前,81,08:51
98_up_005,5,6,98_up,up,98082,道の駅豊崎,82,08:52
98_up_005,5,6,98_up,up,98083,豊崎美らSUNビーチ前,83,08:54
98_up_006,6,7,98_up,up,98001,宜野湾営業所,1,0･:･･
98_up_006,6,7,98_up,up,98002,宜野湾高校前,2,0･:･･
98_up_006,6,7,98_up,up,98003,コンベンションセンター前,3,0･:･･
98_up_006,6,7,98_up,up,98004,ラグナガーデンホテル前,4,0･:･･
98_up_006,6,7,98_up,up,98005,県営大山住宅前,5,0･:･･
98_up_006,6,7,98_up,up,98006,老人ホ－ム愛誠園前,6,0･:･･
98_up_006,6,7,98_up,up,98007,市営伊佐住宅前,7,0･:･･
98_up_006,6,7,98_up,up,98008,宜野湾市農協前,8,0･:･･
98_up_006,6,7,98_up,up,98009,伊佐川,9,0･:･･
98_up_006,6,7,98_up,up,98010,喜友名,10,0･:･･
98_up_006,6,7,98_up,up,98011,新城,11,0･:･･
98_up_006,6,7,98_up,up,98012,普天間入口,12,0･:･･
98_up_006,6,7,98_up,up,98013,普天間,13,0･:･･
98_up_006,6,7,98_up,up,98014,普天間市場入口,14,0･:･･
98_up_006,6,7,98_up,up,98015,野嵩,15,0･:･･
98_up_006,6,7,98_up,up,98016,宜野湾市役所前,16,0･:･･
98_up_006,6,7,98_up,up,98017,上原,17,0･:･･
98_up_006,6,7,98_up,up,98018,中原,18,0･:･･
98_up_006,6,7,98_up,up,98019,赤道,19,0･:･･
98_up_006,6,7,98_up,up,98020,愛知,20,0･:･･
98_up_006,6,7,98_up,up,98021,宜野湾,21,0･:･･
98_up_006,6,7,98_up,up,98022,琉大北口駐車場,22,07:50
98_up_006,6,7,98_up,up,98023,志真志三丁目,23,07:51
98_up_006,6,7,98_up,up,98024,志真志ハイツ入口,24,07:52
98_up_006,6,7,98_up,up,98025,志真志住宅前,25,07:55
98_up_006,6,7,98_up,up,98026,長田,26,07:57
98_up_006,6,7,98_up,up,98032,沖縄国際大学入口,32,08:01
98_up_006,6,7,98_up,up,98033,沖縄国際大学前,33,08:02
98_up_006,6,7,98_up,up,98034,第一佐真下,34,08:03
98_up_006,6,7,98_up,up,98035,第二佐真下,35,08:06
98_up_006,6,7,98_up,up,98036,真栄原,36,08:10
98_up_006,6,7,98_up,up,98037,広栄団地入口,37,08:12
98_up_006,6,7,98_up,up,98038,広栄,38,08:14
98_up_006,6,7,98_up,up,98039,嘉数,39,08:20
98_up_006,6,7,98_up,up,98040,浅野浦,40,08:26
98_up_006,6,7,98_up,up,98041,大平,41,08:28
98_up_006,6,7,98_up,up,98042,陽明高校前,42,08:33
98_up_006,6,7,98_up,up,98043,沢岻,43,08:36
98_up_006,6,7,98_up,up,98044,末吉団地前,44,08:38
98_up_006,6,7,98_up,up,98045,古島駅前,45,08:39
98_up_006,6,7,98_up,up,98046,興南高校前,46,08:41
98_up_006,6,7,98_up,up,98047,真嘉比,47,08:42
98_up_006,6,7,98_up,up,98048,おもろまち駅前,48,08:44
98_up_006,6,7,98_up,up,98049,安里一区,49,08:45
98_up_006,6,7,98_up,up,98056,安里,56,08:50
98_up_006,6,7,98_up,up,98057,牧志,57,08:51
98_up_006,6,7,98_up,up,98058,ホテルコレクティブ前,58,08:54
98_up_006,6,7,98_up,up,98059,県庁北口,59,08:59
98_up_006,6,7,98_up,up,98060,旭橋,60,09:03
98_up_006,6,7,98_up,up,98061,公園前,61,09:07
98_up_006,6,7,98_up,up,98062,軍桟橋前,62,09:08
98_up_006,6,7,98_up,up,98063,山下,63,09:08
98_up_006,6,7,98_up,up,98064,小禄入口,64,09:10
98_up_006,6,7,98_up,up,98065,小禄,65,09:11
98_up_006,6,7,98_up,up,98066,小禄自治会館入口,66,09:13
98_up_006,6,7,98_up,up,98067,小禄南小学校入口,67,09:14
98_up_006,6,7,98_up,up,98068,宇栄原団地前,68,09:15
98_up_006,6,7,98_up,up,98069,とみぐすく南,69,09:17
98_up_006,6,7,98_up,up,98070,平和台北口,70,09:18
98_up_006,6,7,98_up,up,98071,宜保公民館前,71,09:19
98_up_006,6,7,98_up,up,98072,宜保,72,09:19
98_up_006,6,7,98_up,up,98073,豊見城中央病院前,73,09:21
98_up_006,6,7,98_up,up,98074,平和台団地入口,74,09:22
98_up_006,6,7,98_up,up,98075,我那覇,75,09:25
98_up_006,6,7,98_up,up,98076,伊良波,76,09:26
98_up_006,6,7,98_up,up,98077,座安入口,77,09:27
98_up_006,6,7,98_up,up,98078,与根入口,78,09:28
98_up_006,6,7,98_up,up,98079,翁長北,79,09:30
98_up_006,6,7,98_up,up,98080,豊崎入口,80,09:32
98_up_006,6,7,98_up,up,98081,アウトレットモールあしびなー前,81,09:33
98_up_006,6,7,98_up,up,98082,道の駅豊崎,82,09:35
98_up_006,6,7,98_up,up,98083,豊崎美らSUNビーチ前,83,09:37
98_up_007,7,8,98_up,up,98001,宜野湾営業所,1,0･:･･
98_up_007,7,8,98_up,up,98002,宜野湾高校前,2,0･:･･
98_up_007,7,8,98_up,up,98003,コンベンションセンター前,3,0･:･･
98_up_007,7,8,98_up,up,98004,ラグナガーデンホテル前,4,0･:･･
98_up_007,7,8,98_up,up,98005,県営大山住宅前,5,0･:･･
98_up_007,7,8,98_up,up,98006,老人ホ－ム愛誠園前,6,0･:･･
98_up_007,7,8,98_up,up,98007,市営伊佐住宅前,7,0･:･･
98_up_007,7,8,98_up,up,98008,宜野湾市農協前,8,0･:･･
98_up_007,7,8,98_up,up,98009,伊佐川,9,0･:･･
98_up_007,7,8,98_up,up,98010,喜友名,10,0･:･･
98_up_007,7,8,98_up,up,98011,新城,11,0･:･･
98_up_007,7,8,98_up,up,98012,普天間入口,12,0･:･･
98_up_007,7,8,98_up,up,98013,普天間,13,0･:･･
98_up_007,7,8,98_up,up,98014,普天間市場入口,14,0･:･･
98_up_007,7,8,98_up,up,98015,野嵩,15,0･:･･
98_up_007,7,8,98_up,up,98016,宜野湾市役所前,16,0･:･･
98_up_007,7,8,98_up,up,98017,上原,17,0･:･･
98_up_007,7,8,98_up,up,98018,中原,18,0･:･･
98_up_007,7,8,98_up,up,98019,赤道,19,0･:･･
98_up_007,7,8,98_up,up,98020,愛知,20,0･:･･
98_up_007,7,8,98_up,up,98021,宜野湾,21,0･:･･
98_up_007,7,8,98_up,up,98022,琉大北口駐車場,22,08:25
98_up_007,7,8,98_up,up,98023,志真志三丁目,23,08:26
98_up_007,7,8,98_up,up,98024,志真志ハイツ入口,24,08:27
98_up_007,7,8,98_up,up,98025,志真志住宅前,25,08:30
98_up_007,7,8,98_up,up,98026,長田,26,08:32
98_up_007,7,8,98_up,up,98032,沖縄国際大学入口,32,08:36
98_up_007,7,8,98_up,up,98033,沖縄国際大学前,33,08:38
98_up_007,7,8,98_up,up,98034,第一佐真下,34,08:39
98_up_007,7,8,98_up,up,98035,第二佐真下,35,08:41
98_up_007,7,8,98_up,up,98036,真栄原,36,08:44
98_up_007,7,8,98_up,up,98037,広栄団地入口,37,08:46
98_up_007,7,8,98_up,up,98038,広栄,38,08:49
98_up_007,7,8,98_up,up,98039,嘉数,39,08:52
98_up_007,7,8,98_up,up,98040,浅野浦,40,08:56
98_up_007,7,8,98_up,up,98041,大平,41,08:58
98_up_007,7,8,98_up,up,98042,陽明高校前,42,09:02
98_up_007,7,8,98_up,up,98043,沢岻,43,09:04
98_up_007,7,8,98_up,up,98044,末吉団地前,44,09:06
98_up_007,7,8,98_up,up,98045,古島駅前,45,09:07
98_up_007,7,8,98_up,up,98046,興南高校前,46,09:09
98_up_007,7,8,98_up,up,98047,真嘉比,47,09:11
98_up_007,7,8,98_up,up,98048,おもろまち駅前,48,09:12
98_up_007,7,8,98_up,up,98049,安里一区,49,09:13
98_up_007,7,8,98_up,up,98056,安里,56,09:18
98_up_007,7,8,98_up,up,98057,牧志,57,09:19
98_up_007,7,8,98_up,up,98058,ホテルコレクティブ前,58,09:23
98_up_007,7,8,98_up,up,98059,県庁北口,59,09:28
98_up_007,7,8,98_up,up,98060,旭橋,60,09:31
98_up_007,7,8,98_up,up,98061,公園前,61,09:36
98_up_007,7,8,98_up,up,98062,軍桟橋前,62,09:37
98_up_007,7,8,98_up,up,98063,山下,63,09:37
98_up_007,7,8,98_up,up,98064,小禄入口,64,09:39
98_up_007,7,8,98_up,up,98065,小禄,65,09:41
98_up_007,7,8,98_up,up,98066,小禄自治会館入口,66,09:43
98_up_007,7,8,98_up,up,98067,小禄南小学校入口,67,09:43
98_up_007,7,8,98_up,up,98068,宇栄原団地前,68,09:45
98_up_007,7,8,98_up,up,98069,とみぐすく南,69,09:47
98_up_007,7,8,98_up,up,98070,平和台北口,70,09:48
98_up_007,7,8,98_up,up,98071,宜保公民館前,71,09:49
98_up_007,7,8,98_up,up,98072,宜保,72,09:49
98_up_007,7,8,98_up,up,98073,豊見城中央病院前,73,09:51
98_up_007,7,8,98_up,up,98074,平和台団地入口,74,09:52
98_up_007,7,8,98_up,up,98075,我那覇,75,09:55
98_up_007,7,8,98_up,up,98076,伊良波,76,09:55
98_up_007,7,8,98_up,up,98077,座安入口,77,09:57
98_up_007,7,8,98_up,up,98078,与根入口,78,09:57
98_up_007,7,8,98_up,up,98079,翁長北,79,09:59
98_up_007,7,8,98_up,up,98080,豊崎入口,80,10:01
98_up_007,7,8,98_up,up,98081,アウトレットモールあしびなー前,81,10:02
98_up_007,7,8,98_up,up,98082,道の駅豊崎,82,10:04
98_up_007,7,8,98_up,up,98083,豊崎美らSUNビーチ前,83,10:06
98_up_008,8,9,98_up,up,98001,宜野湾営業所,1,0･:･･
98_up_008,8,9,98_up,up,98002,宜野湾高校前,2,0･:･･
98_up_008,8,9,98_up,up,98003,コンベンションセンター前,3,0･:･･
98_up_008,8,9,98_up,up,98004,ラグナガーデンホテル前,4,0･:･･
98_up_008,8,9,98_up,up,98005,県営大山住宅前,5,0･:･･
98_up_008,8,9,98_up,up,98006,老人ホ－ム愛誠園前,6,0･:･･
98_up_008,8,9,98_up,up,98007,市営伊佐住宅前,7,0･:･･
98_up_008,8,9,98_up,up,98008,宜野湾市農協前,8,0･:･･
98_up_008,8,9,98_up,up,98009,伊佐川,9,0･:･･
98_up_008,8,9,98_up,up,98010,喜友名,10,0･:･･
98_up_008,8,9,98_up,up,98011,新城,11,0･:･･
98_up_008,8,9,98_up,up,98012,普天間入口,12,0･:･･
98_up_008,8,9,98_up,up,98013,普天間,13,0･:･･
98_up_008,8,9,98_up,up,98014,普天間市場入口,14,0･:･･
98_up_008,8,9,98_up,up,98015,野嵩,15,0･:･･
98_up_008,8,9,98_up,up,98016,宜野湾市役所前,16,0･:･･
98_up_008,8,9,98_up,up,98017,上原,17,0･:･･
98_up_008,8,9,98_up,up,98018,中原,18,0･:･･
98_up_008,8,9,98_up,up,98019,赤道,19,0･:･･
98_up_008,8,9,98_up,up,98020,愛知,20,0･:･･
98_up_008,8,9,98_up,up,98021,宜野湾,21,0･:･･
98_up_008,8,9,98_up,up,98022,琉大北口駐車場,22,09:05
98_up_008,8,9,98_up,up,98023,志真志三丁目,23,09:06
98_up_008,8,9,98_up,up,98024,志真志ハイツ入口,24,09:07
98_up_008,8,9,98_up,up,98025,志真志住宅前,25,09:09
98_up_008,8,9,98_up,up,98026,長田,26,09:10
98_up_008,8,9,98_up,up,98032,沖縄国際大学入口,32,09:13
98_up_008,8,9,98_up,up,98033,沖縄国際大学前,33,09:14
98_up_008,8,9,98_up,up,98034,第一佐真下,34,09:15
98_up_008,8,9,98_up,up,98035,第二佐真下,35,09:17
98_up_008,8,9,98_up,up,98036,真栄原,36,09:19
98_up_008,8,9,98_up,up,98037,広栄団地入口,37,09:21
98_up_008,8,9,98_up,up,98038,広栄,38,09:23
98_up_008,8,9,98_up,up,98039,嘉数,39,09:26
98_up_008,8,9,98_up,up,98040,浅野浦,40,09:28
98_up_008,8,9,98_up,up,98041,大平,41,09:29
98_up_008,8,9,98_up,up,98042,陽明高校前,42,09:32
98_up_008,8,9,98_up,up,98043,沢岻,43,09:34
98_up_008,8,9,98_up,up,98044,末吉団地前,44,09:36
98_up_008,8,9,98_up,up,98045,古島駅前,45,09:37
98_up_008,8,9,98_up,up,98046,興南高校前,46,09:40
98_up_008,8,9,98_up,up,98047,真嘉比,47,09:42
98_up_008,8,9,98_up,up,98048,おもろまち駅前,48,09:43
98_up_008,8,9,98_up,up,98049,安里一区,49,09:44
98_up_008,8,9,98_up,up,98056,安里,56,09:49
98_up_008,8,9,98_up,up,98057,牧志,57,09:50
98_up_008,8,9,98_up,up,98058,ホテルコレクティブ前,58,09:54
98_up_008,8,9,98_up,up,98059,県庁北口,59,09:59
98_up_008,8,9,98_up,up,98060,旭橋,60,10:02
98_up_008,8,9,98_up,up,98061,公園前,61,10:06
98_up_008,8,9,98_up,up,98062,軍桟橋前,62,10:07
98_up_008,8,9,98_up,up,98063,山下,63,10:07
98_up_008,8,9,98_up,up,98064,小禄入口,64,10:09
98_up_008,8,9,98_up,up,98065,小禄,65,10:10
98_up_008,8,9,98_up,up,98066,小禄自治会館入口,66,10:12
98_up_008,8,9,98_up,up,98067,小禄南小学校入口,67,10:13
98_up_008,8,9,98_up,up,98068,宇栄原団地前,68,10:14
98_up_008,8,9,98_up,up,98069,とみぐすく南,69,10:16
98_up_008,8,9,98_up,up,98070,平和台北口,70,10:17
98_up_008,8,9,98_up,up,98071,宜保公民館前,71,10:18
98_up_008,8,9,98_up,up,98072,宜保,72,10:18
98_up_008,8,9,98_up,up,98073,豊見城中央病院前,73,10:19
98_up_008,8,9,98_up,up,98074,平和台団地入口,74,10:20
98_up_008,8,9,98_up,up,98075,我那覇,75,10:23
98_up_008,8,9,98_up,up,98076,伊良波,76,10:23
98_up_008,8,9,98_up,up,98077,座安入口,77,10:25
98_up_008,8,9,98_up,up,98078,与根入口,78,10:25
98_up_008,8,9,98_up,up,98079,翁長北,79,10:27
98_up_008,8,9,98_up,up,98080,豊崎入口,80,10:29
98_up_008,8,9,98_up,up,98081,アウトレットモールあしびなー前,81,10:30
98_up_008,8,9,98_up,up,98082,道の駅豊崎,82,10:32
98_up_008,8,9,98_up,up,98083,豊崎美らSUNビーチ前,83,10:34
98_up_009,9,10,98_up,up,98001,宜野湾営業所,1,0･:･･
98_up_009,9,10,98_up,up,98002,宜野湾高校前,2,0･:･･
98_up_009,9,10,98_up,up,98003,コンベンションセンター前,3,0･:･･
98_up_009,9,10,98_up,up,98004,ラグナガーデンホテル前,4,0･:･･
98_up_009,9,10,98_up,up,98005,県営大山住宅前,5,0･:･･
98_up_009,9,10,98_up,up,98006,老人ホ－ム愛誠園前,6,0･:･･
98_up_009,9,10,98_up,up,98007,市営伊佐住宅前,7,0･:･･
98_up_009,9,10,98_up,up,98008,宜野湾市農協前,8,0･:･･
98_up_009,9,10,98_up,up,98009,伊佐川,9,0･:･･
98_up_009,9,10,98_up,up,98010,喜友名,10,0･:･･
98_up_009,9,10,98_up,up,98011,新城,11,0･:･･
98_up_009,9,10,98_up,up,98012,普天間入口,12,0･:･･
98_up_009,9,10,98_up,up,98013,普天間,13,0･:･･
98_up_009,9,10,98_up,up,98014,普天間市場入口,14,0･:･･
98_up_009,9,10,98_up,up,98015,野嵩,15,0･:･･
98_up_009,9,10,98_up,up,98016,宜野湾市役所前,16,0･:･･
98_up_009,9,10,98_up,up,98017,上原,17,0･:･･
98_up_009,9,10,98_up,up,98018,中原,18,0･:･･
98_up_009,9,10,98_up,up,98019,赤道,19,0･:･･
98_up_009,9,10,98_up,up,98020,愛知,20,0･:･･
98_up_009,9,10,98_up,up,98021,宜野湾,21,0･:･･
98_up_009,9,10,98_up,up,98022,琉大北口駐車場,22,09:45
98_up_009,9,10,98_up,up,98023,志真志三丁目,23,09:46
98_up_009,9,10,98_up,up,98024,志真志ハイツ入口,24,09:47
98_up_009,9,10,98_up,up,98025,志真志住宅前,25,09:49
98_up_009,9,10,98_up,up,98026,長田,26,09:50
98_up_009,9,10,98_up,up,98032,沖縄国際大学入口,32,09:53
98_up_009,9,10,98_up,up,98033,沖縄国際大学前,33,09:54
98_up_009,9,10,98_up,up,98034,第一佐真下,34,09:55
98_up_009,9,10,98_up,up,98035,第二佐真下,35,09:57
98_up_009,9,10,98_up,up,98036,真栄原,36,09:59
98_up_009,9,10,98_up,up,98037,広栄団地入口,37,10:00
98_up_009,9,10,98_up,up,98038,広栄,38,10:02
98_up_009,9,10,98_up,up,98039,嘉数,39,10:05
98_up_009,9,10,98_up,up,98040,浅野浦,40,10:07
98_up_009,9,10,98_up,up,98041,大平,41,10:08
98_up_009,9,10,98_up,up,98042,陽明高校前,42,10:10
98_up_009,9,10,98_up,up,98043,沢岻,43,10:12
98_up_009,9,10,98_up,up,98044,末吉団地前,44,10:13
98_up_009,9,10,98_up,up,98045,古島駅前,45,10:14
98_up_009,9,10,98_up,up,98046,興南高校前,46,10:16
98_up_009,9,10,98_up,up,98047,真嘉比,47,10:17
98_up_009,9,10,98_up,up,98048,おもろまち駅前,48,10:19
98_up_009,9,10,98_up,up,98049,安里一区,49,10:20
98_up_009,9,10,98_up,up,98056,安里,56,10:26
98_up_009,9,10,98_up,up,98057,牧志,57,10:28
98_up_009,9,10,98_up,up,98058,ホテルコレクティブ前,58,10:34
98_up_009,9,10,98_up,up,98059,県庁北口,59,10:40
98_up_009,9,10,98_up,up,98060,旭橋,60,10:43
98_up_009,9,10,98_up,up,98061,公園前,61,10:47
98_up_009,9,10,98_up,up,98062,軍桟橋前,62,10:48
98_up_009,9,10,98_up,up,98063,山下,63,10:49
98_up_009,9,10,98_up,up,98064,小禄入口,64,10:51
98_up_009,9,10,98_up,up,98065,小禄,65,10:52
98_up_009,9,10,98_up,up,98066,小禄自治会館入口,66,10:54
98_up_009,9,10,98_up,up,98067,小禄南小学校入口,67,10:55
98_up_009,9,10,98_up,up,98068,宇栄原団地前,68,10:56
98_up_009,9,10,98_up,up,98069,とみぐすく南,69,10:58
98_up_009,9,10,98_up,up,98070,平和台北口,70,10:59
98_up_009,9,10,98_up,up,98071,宜保公民館前,71,11:00
98_up_009,9,10,98_up,up,98072,宜保,72,11:00
98_up_009,9,10,98_up,up,98073,豊見城中央病院前,73,11:02
98_up_009,9,10,98_up,up,98074,平和台団地入口,74,11:03
98_up_009,9,10,98_up,up,98075,我那覇,75,11:06
98_up_009,9,10,98_up,up,98076,伊良波,76,11:07
98_up_009,9,10,98_up,up,98077,座安入口,77,11:08
98_up_009,9,10,98_up,up,98078,与根入口,78,11:09
98_up_009,9,10,98_up,up,98079,翁長北,79,11:11
98_up_009,9,10,98_up,up,98080,豊崎入口,80,11:13
98_up_009,9,10,98_up,up,98081,アウトレットモールあしびなー前,81,11:14
98_up_009,9,10,98_up,up,98082,道の駅豊崎,82,11:16
98_up_009,9,10,98_up,up,98083,豊崎美らSUNビーチ前,83,11:18
98_up_010,10,12,98_up,up,98001,宜野湾営業所,1,0･:･･
98_up_010,10,12,98_up,up,98002,宜野湾高校前,2,0･:･･
98_up_010,10,12,98_up,up,98003,コンベンションセンター前,3,0･:･･
98_up_010,10,12,98_up,up,98004,ラグナガーデンホテル前,4,0･:･･
98_up_010,10,12,98_up,up,98005,県営大山住宅前,5,0･:･･
98_up_010,10,12,98_up,up,98006,老人ホ－ム愛誠園前,6,0･:･･
98_up_010,10,12,98_up,up,98007,市営伊佐住宅前,7,0･:･･
98_up_010,10,12,98_up,up,98008,宜野湾市農協前,8,0･:･･
98_up_010,10,12,98_up,up,98009,伊佐川,9,0･:･･
98_up_010,10,12,98_up,up,98010,喜友名,10,0･:･･
98_up_010,10,12,98_up,up,98011,新城,11,0･:･･
98_up_010,10,12,98_up,up,98012,普天間入口,12,0･:･･
98_up_010,10,12,98_up,up,98013,普天間,13,0･:･･
98_up_010,10,12,98_up,up,98014,普天間市場入口,14,0･:･･
98_up_010,10,12,98_up,up,98015,野嵩,15,0･:･･
98_up_010,10,12,98_up,up,98016,宜野湾市役所前,16,0･:･･
98_up_010,10,12,98_up,up,98017,上原,17,0･:･･
98_up_010,10,12,98_up,up,98018,中原,18,0･:･･
98_up_010,10,12,98_up,up,98019,赤道,19,0･:･･
98_up_010,10,12,98_up,up,98020,愛知,20,0･:･･
98_up_010,10,12,98_up,up,98021,宜野湾,21,0･:･･
98_up_010,10,12,98_up,up,98022,琉大北口駐車場,22,10:25
98_up_010,10,12,98_up,up,98023,志真志三丁目,23,10:26
98_up_010,10,12,98_up,up,98024,志真志ハイツ入口,24,10:27
98_up_010,10,12,98_up,up,98025,志真志住宅前,25,10:29
98_up_010,10,12,98_up,up,98026,長田,26,10:30
98_up_010,10,12,98_up,up,98032,沖縄国際大学入口,32,10:33
98_up_010,10,12,98_up,up,98033,沖縄国際大学前,33,10:34
98_up_010,10,12,98_up,up,98034,第一佐真下,34,10:35
98_up_010,10,12,98_up,up,98035,第二佐真下,35,10:37
98_up_010,10,12,98_up,up,98036,真栄原,36,10:39
98_up_010,10,12,98_up,up,98037,広栄団地入口,37,10:40
98_up_010,10,12,98_up,up,98038,広栄,38,10:41
98_up_010,10,12,98_up,up,98039,嘉数,39,10:44
98_up_010,10,12,98_up,up,98040,浅野浦,40,10:46
98_up_010,10,12,98_up,up,98041,大平,41,10:47
98_up_010,10,12,98_up,up,98042,陽明高校前,42,10:49
98_up_010,10,12,98_up,up,98043,沢岻,43,10:51
98_up_010,10,12,98_up,up,98044,末吉団地前,44,10:52
98_up_010,10,12,98_up,up,98045,古島駅前,45,10:53
98_up_010,10,12,98_up,up,98046,興南高校前,46,10:54
98_up_010,10,12,98_up,up,98047,真嘉比,47,10:56
98_up_010,10,12,98_up,up,98048,おもろまち駅前,48,10:57
98_up_010,10,12,98_up,up,98049,安里一区,49,10:58
98_up_010,10,12,98_up,up,98056,安里,56,11:04
98_up_010,10,12,98_up,up,98057,牧志,57,11:05
98_up_010,10,12,98_up,up,98058,ホテルコレクティブ前,58,11:11
98_up_010,10,12,98_up,up,98059,県庁北口,59,11:17
98_up_010,10,12,98_up,up,98060,旭橋,60,11:20
98_up_010,10,12,98_up,up,98061,公園前,61,11:23
98_up_010,10,12,98_up,up,98062,軍桟橋前,62,11:24
98_up_010,10,12,98_up,up,98063,山下,63,11:25
98_up_010,10,12,98_up,up,98064,小禄入口,64,11:26
98_up_010,10,12,98_up,up,98065,小禄,65,11:27
98_up_010,10,12,98_up,up,98066,小禄自治会館入口,66,11:29
98_up_010,10,12,98_up,up,98067,小禄南小学校入口,67,11:30
98_up_010,10,12,98_up,up,98068,宇栄原団地前,68,11:31
98_up_010,10,12,98_up,up,98069,とみぐすく南,69,11:33
98_up_010,10,12,98_up,up,98070,平和台北口,70,11:34
98_up_010,10,12,98_up,up,98071,宜保公民館前,71,11:35
98_up_010,10,12,98_up,up,98072,宜保,72,11:36
98_up_010,10,12,98_up,up,98073,豊見城中央病院前,73,11:38
98_up_010,10,12,98_up,up,98074,平和台団地入口,74,11:39
98_up_010,10,12,98_up,up,98075,我那覇,75,11:43
98_up_010,10,12,98_up,up,98076,伊良波,76,11:43
98_up_010,10,12,98_up,up,98077,座安入口,77,11:45
98_up_010,10,12,98_up,up,98078,与根入口,78,11:45
98_up_010,10,12,98_up,up,98079,翁長北,79,11:47
98_up_010,10,12,98_up,up,98080,豊崎入口,80,11:49
98_up_010,10,12,98_up,up,98081,アウトレットモールあしびなー前,81,11:50
98_up_010,10,12,98_up,up,98082,道の駅豊崎,82,11:51
98_up_010,10,12,98_up,up,98083,豊崎美らSUNビーチ前,83,11:53
98_up_011,11,13,98_up,up,98001,宜野湾営業所,1,0･:･･
98_up_011,11,13,98_up,up,98002,宜野湾高校前,2,0･:･･
98_up_011,11,13,98_up,up,98003,コンベンションセンター前,3,0･:･･
98_up_011,11,13,98_up,up,98004,ラグナガーデンホテル前,4,0･:･･
98_up_011,11,13,98_up,up,98005,県営大山住宅前,5,0･:･･
98_up_011,11,13,98_up,up,98006,老人ホ－ム愛誠園前,6,0･:･･
98_up_011,11,13,98_up,up,98007,市営伊佐住宅前,7,0･:･･
98_up_011,11,13,98_up,up,98008,宜野湾市農協前,8,0･:･･
98_up_011,11,13,98_up,up,98009,伊佐川,9,0･:･･
98_up_011,11,13,98_up,up,98010,喜友名,10,0･:･･
98_up_011,11,13,98_up,up,98011,新城,11,0･:･･
98_up_011,11,13,98_up,up,98012,普天間入口,12,0･:･･
98_up_011,11,13,98_up,up,98013,普天間,13,0･:･･
98_up_011,11,13,98_up,up,98014,普天間市場入口,14,0･:･･
98_up_011,11,13,98_up,up,98015,野嵩,15,0･:･･
98_up_011,11,13,98_up,up,98016,宜野湾市役所前,16,0･:･･
98_up_011,11,13,98_up,up,98017,上原,17,0･:･･
98_up_011,11,13,98_up,up,98018,中原,18,0･:･･
98_up_011,11,13,98_up,up,98019,赤道,19,0･:･･
98_up_011,11,13,98_up,up,98020,愛知,20,0･:･･
98_up_011,11,13,98_up,up,98021,宜野湾,21,0･:･･
98_up_011,11,13,98_up,up,98022,琉大北口駐車場,22,11:00
98_up_011,11,13,98_up,up,98023,志真志三丁目,23,11:01
98_up_011,11,13,98_up,up,98024,志真志ハイツ入口,24,11:02
98_up_011,11,13,98_up,up,98025,志真志住宅前,25,11:04
98_up_011,11,13,98_up,up,98026,長田,26,11:05
98_up_011,11,13,98_up,up,98032,沖縄国際大学入口,32,11:08
98_up_011,11,13,98_up,up,98033,沖縄国際大学前,33,11:09
98_up_011,11,13,98_up,up,98034,第一佐真下,34,11:10
98_up_011,11,13,98_up,up,98035,第二佐真下,35,11:11
98_up_011,11,13,98_up,up,98036,真栄原,36,11:13
98_up_011,11,13,98_up,up,98037,広栄団地入口,37,11:14
98_up_011,11,13,98_up,up,98038,広栄,38,11:15
98_up_011,11,13,98_up,up,98039,嘉数,39,11:18
98_up_011,11,13,98_up,up,98040,浅野浦,40,11:19
98_up_011,11,13,98_up,up,98041,大平,41,11:20
98_up_011,11,13,98_up,up,98042,陽明高校前,42,11:21
98_up_011,11,13,98_up,up,98043,沢岻,43,11:22
98_up_011,11,13,98_up,up,98044,末吉団地前,44,11:23
98_up_011,11,13,98_up,up,98045,古島駅前,45,11:24
98_up_011,11,13,98_up,up,98046,興南高校前,46,11:26
98_up_011,11,13,98_up,up,98047,真嘉比,47,11:28
98_up_011,11,13,98_up,up,98048,おもろまち駅前,48,11:29
98_up_011,11,13,98_up,up,98049,安里一区,49,11:31
98_up_011,11,13,98_up,up,98056,安里,56,11:35
98_up_011,11,13,98_up,up,98057,牧志,57,11:36
98_up_011,11,13,98_up,up,98058,ホテルコレクティブ前,58,11:42
98_up_011,11,13,98_up,up,98059,県庁北口,59,11:45
98_up_011,11,13,98_up,up,98060,旭橋,60,11:48
98_up_011,11,13,98_up,up,98061,公園前,61,11:52
98_up_011,11,13,98_up,up,98062,軍桟橋前,62,11:53
98_up_011,11,13,98_up,up,98063,山下,63,11:54
98_up_011,11,13,98_up,up,98064,小禄入口,64,11:55
98_up_011,11,13,98_up,up,98065,小禄,65,11:56
98_up_011,11,13,98_up,up,98066,小禄自治会館入口,66,11:58
98_up_011,11,13,98_up,up,98067,小禄南小学校入口,67,11:59
98_up_011,11,13,98_up,up,98068,宇栄原団地前,68,12:00
98_up_011,11,13,98_up,up,98069,とみぐすく南,69,12:02
98_up_011,11,13,98_up,up,98070,平和台北口,70,12:03
98_up_011,11,13,98_up,up,98071,宜保公民館前,71,12:04
98_up_011,11,13,98_up,up,98072,宜保,72,12:05
98_up_011,11,13,98_up,up,98073,豊見城中央病院前,73,12:07
98_up_011,11,13,98_up,up,98074,平和台団地入口,74,12:08
98_up_011,11,13,98_up,up,98075,我那覇,75,12:11
98_up_011,11,13,98_up,up,98076,伊良波,76,12:11
98_up_011,11,13,98_up,up,98077,座安入口,77,12:13
98_up_011,11,13,98_up,up,98078,与根入口,78,12:13
98_up_011,11,13,98_up,up,98079,翁長北,79,12:15
98_up_011,11,13,98_up,up,98080,豊崎入口,80,12:17
98_up_011,11,13,98_up,up,98081,アウトレットモールあしびなー前,81,12:19
98_up_011,11,13,98_up,up,98082,道の駅豊崎,82,12:20
98_up_011,11,13,98_up,up,98083,豊崎美らSUNビーチ前,83,12:22
98_up_012,12,14,98_up,up,98001,宜野湾営業所,1,0･:･･
98_up_012,12,14,98_up,up,98002,宜野湾高校前,2,0･:･･
98_up_012,12,14,98_up,up,98003,コンベンションセンター前,3,0･:･･
98_up_012,12,14,98_up,up,98004,ラグナガーデンホテル前,4,0･:･･
98_up_012,12,14,98_up,up,98005,県営大山住宅前,5,0･:･･
98_up_012,12,14,98_up,up,98006,老人ホ－ム愛誠園前,6,0･:･･
98_up_012,12,14,98_up,up,98007,市営伊佐住宅前,7,0･:･･
98_up_012,12,14,98_up,up,98008,宜野湾市農協前,8,0･:･･
98_up_012,12,14,98_up,up,98009,伊佐川,9,0･:･･
98_up_012,12,14,98_up,up,98010,喜友名,10,0･:･･
98_up_012,12,14,98_up,up,98011,新城,11,0･:･･
98_up_012,12,14,98_up,up,98012,普天間入口,12,0･:･･
98_up_012,12,14,98_up,up,98013,普天間,13,0･:･･
98_up_012,12,14,98_up,up,98014,普天間市場入口,14,0･:･･
98_up_012,12,14,98_up,up,98015,野嵩,15,0･:･･
98_up_012,12,14,98_up,up,98016,宜野湾市役所前,16,0･:･･
98_up_012,12,14,98_up,up,98017,上原,17,0･:･･
98_up_012,12,14,98_up,up,98018,中原,18,0･:･･
98_up_012,12,14,98_up,up,98019,赤道,19,0･:･･
98_up_012,12,14,98_up,up,98020,愛知,20,0･:･･
98_up_012,12,14,98_up,up,98021,宜野湾,21,0･:･･
98_up_012,12,14,98_up,up,98022,琉大北口駐車場,22,11:50
98_up_012,12,14,98_up,up,98023,志真志三丁目,23,11:51
98_up_012,12,14,98_up,up,98024,志真志ハイツ入口,24,11:52
98_up_012,12,14,98_up,up,98025,志真志住宅前,25,11:54
98_up_012,12,14,98_up,up,98026,長田,26,11:55
98_up_012,12,14,98_up,up,98032,沖縄国際大学入口,32,11:58
98_up_012,12,14,98_up,up,98033,沖縄国際大学前,33,11:59
98_up_012,12,14,98_up,up,98034,第一佐真下,34,12:00
98_up_012,12,14,98_up,up,98035,第二佐真下,35,12:02
98_up_012,12,14,98_up,up,98036,真栄原,36,12:04
98_up_012,12,14,98_up,up,98037,広栄団地入口,37,12:05
98_up_012,12,14,98_up,up,98038,広栄,38,12:06
98_up_012,12,14,98_up,up,98039,嘉数,39,12:09
98_up_012,12,14,98_up,up,98040,浅野浦,40,12:10
98_up_012,12,14,98_up,up,98041,大平,41,12:11
98_up_012,12,14,98_up,up,98042,陽明高校前,42,12:12
98_up_012,12,14,98_up,up,98043,沢岻,43,12:13
98_up_012,12,14,98_up,up,98044,末吉団地前,44,12:14
98_up_012,12,14,98_up,up,98045,古島駅前,45,12:15
98_up_012,12,14,98_up,up,98046,興南高校前,46,12:16
98_up_012,12,14,98_up,up,98047,真嘉比,47,12:18
98_up_012,12,14,98_up,up,98048,おもろまち駅前,48,12:20
98_up_012,12,14,98_up,up,98049,安里一区,49,12:23
98_up_012,12,14,98_up,up,98056,安里,56,12:27
98_up_012,12,14,98_up,up,98057,牧志,57,12:29
98_up_012,12,14,98_up,up,98058,ホテルコレクティブ前,58,12:34
98_up_012,12,14,98_up,up,98059,県庁北口,59,12:37
98_up_012,12,14,98_up,up,98060,旭橋,60,12:40
98_up_012,12,14,98_up,up,98061,公園前,61,12:44
98_up_012,12,14,98_up,up,98062,軍桟橋前,62,12:45
98_up_012,12,14,98_up,up,98063,山下,63,12:46
98_up_012,12,14,98_up,up,98064,小禄入口,64,12:48
98_up_012,12,14,98_up,up,98065,小禄,65,12:49
98_up_012,12,14,98_up,up,98066,小禄自治会館入口,66,12:51
98_up_012,12,14,98_up,up,98067,小禄南小学校入口,67,12:52
98_up_012,12,14,98_up,up,98068,宇栄原団地前,68,12:53
98_up_012,12,14,98_up,up,98069,とみぐすく南,69,12:55
98_up_012,12,14,98_up,up,98070,平和台北口,70,12:56
98_up_012,12,14,98_up,up,98071,宜保公民館前,71,12:57
98_up_012,12,14,98_up,up,98072,宜保,72,12:58
98_up_012,12,14,98_up,up,98073,豊見城中央病院前,73,13:00
98_up_012,12,14,98_up,up,98074,平和台団地入口,74,13:01
98_up_012,12,14,98_up,up,98075,我那覇,75,13:05
98_up_012,12,14,98_up,up,98076,伊良波,76,13:05
98_up_012,12,14,98_up,up,98077,座安入口,77,13:06
98_up_012,12,14,98_up,up,98078,与根入口,78,13:06
98_up_012,12,14,98_up,up,98079,翁長北,79,13:08
98_up_012,12,14,98_up,up,98080,豊崎入口,80,13:10
98_up_012,12,14,98_up,up,98081,アウトレットモールあしびなー前,81,13:11
98_up_012,12,14,98_up,up,98082,道の駅豊崎,82,13:12
98_up_012,12,14,98_up,up,98083,豊崎美らSUNビーチ前,83,13:14
98_up_013,13,15,98_up,up,98001,宜野湾営業所,1,0･:･･
98_up_013,13,15,98_up,up,98002,宜野湾高校前,2,0･:･･
98_up_013,13,15,98_up,up,98003,コンベンションセンター前,3,0･:･･
98_up_013,13,15,98_up,up,98004,ラグナガーデンホテル前,4,0･:･･
98_up_013,13,15,98_up,up,98005,県営大山住宅前,5,0･:･･
98_up_013,13,15,98_up,up,98006,老人ホ－ム愛誠園前,6,0･:･･
98_up_013,13,15,98_up,up,98007,市営伊佐住宅前,7,0･:･･
98_up_013,13,15,98_up,up,98008,宜野湾市農協前,8,0･:･･
98_up_013,13,15,98_up,up,98009,伊佐川,9,0･:･･
98_up_013,13,15,98_up,up,98010,喜友名,10,0･:･･
98_up_013,13,15,98_up,up,98011,新城,11,0･:･･
98_up_013,13,15,98_up,up,98012,普天間入口,12,0･:･･
98_up_013,13,15,98_up,up,98013,普天間,13,0･:･･
98_up_013,13,15,98_up,up,98014,普天間市場入口,14,0･:･･
98_up_013,13,15,98_up,up,98015,野嵩,15,0･:･･
98_up_013,13,15,98_up,up,98016,宜野湾市役所前,16,0･:･･
98_up_013,13,15,98_up,up,98017,上原,17,0･:･･
98_up_013,13,15,98_up,up,98018,中原,18,0･:･･
98_up_013,13,15,98_up,up,98019,赤道,19,0･:･･
98_up_013,13,15,98_up,up,98020,愛知,20,0･:･･
98_up_013,13,15,98_up,up,98021,宜野湾,21,0･:･･
98_up_013,13,15,98_up,up,98022,琉大北口駐車場,22,12:25
98_up_013,13,15,98_up,up,98023,志真志三丁目,23,12:26
98_up_013,13,15,98_up,up,98024,志真志ハイツ入口,24,12:27
98_up_013,13,15,98_up,up,98025,志真志住宅前,25,12:29
98_up_013,13,15,98_up,up,98026,長田,26,12:30
98_up_013,13,15,98_up,up,98032,沖縄国際大学入口,32,12:33
98_up_013,13,15,98_up,up,98033,沖縄国際大学前,33,12:34
98_up_013,13,15,98_up,up,98034,第一佐真下,34,12:35
98_up_013,13,15,98_up,up,98035,第二佐真下,35,12:37
98_up_013,13,15,98_up,up,98036,真栄原,36,12:41
98_up_013,13,15,98_up,up,98037,広栄団地入口,37,12:42
98_up_013,13,15,98_up,up,98038,広栄,38,12:44
98_up_013,13,15,98_up,up,98039,嘉数,39,12:47
98_up_013,13,15,98_up,up,98040,浅野浦,40,12:49
98_up_013,13,15,98_up,up,98041,大平,41,12:51
98_up_013,13,15,98_up,up,98042,陽明高校前,42,12:53
98_up_013,13,15,98_up,up,98043,沢岻,43,12:54
98_up_013,13,15,98_up,up,98044,末吉団地前,44,12:56
98_up_013,13,15,98_up,up,98045,古島駅前,45,12:58
98_up_013,13,15,98_up,up,98046,興南高校前,46,13:00
98_up_013,13,15,98_up,up,98047,真嘉比,47,13:02
98_up_013,13,15,98_up,up,98048,おもろまち駅前,48,13:04
98_up_013,13,15,98_up,up,98049,安里一区,49,13:05
98_up_013,13,15,98_up,up,98056,安里,56,13:11
98_up_013,13,15,98_up,up,98057,牧志,57,13:13
98_up_013,13,15,98_up,up,98058,ホテルコレクティブ前,58,13:18
98_up_013,13,15,98_up,up,98059,県庁北口,59,13:23
98_up_013,13,15,98_up,up,98060,旭橋,60,13:26
98_up_013,13,15,98_up,up,98061,公園前,61,13:30
98_up_013,13,15,98_up,up,98062,軍桟橋前,62,13:31
98_up_013,13,15,98_up,up,98063,山下,63,13:32
98_up_013,13,15,98_up,up,98064,小禄入口,64,13:34
98_up_013,13,15,98_up,up,98065,小禄,65,13:35
98_up_013,13,15,98_up,up,98066,小禄自治会館入口,66,13:37
98_up_013,13,15,98_up,up,98067,小禄南小学校入口,67,13:38
98_up_013,13,15,98_up,up,98068,宇栄原団地前,68,13:39
98_up_013,13,15,98_up,up,98069,とみぐすく南,69,13:41
98_up_013,13,15,98_up,up,98070,平和台北口,70,13:42
98_up_013,13,15,98_up,up,98071,宜保公民館前,71,13:43
98_up_013,13,15,98_up,up,98072,宜保,72,13:44
98_up_013,13,15,98_up,up,98073,豊見城中央病院前,73,13:46
98_up_013,13,15,98_up,up,98074,平和台団地入口,74,13:47
98_up_013,13,15,98_up,up,98075,我那覇,75,13:51
98_up_013,13,15,98_up,up,98076,伊良波,76,13:51
98_up_013,13,15,98_up,up,98077,座安入口,77,13:52
98_up_013,13,15,98_up,up,98078,与根入口,78,13:52
98_up_013,13,15,98_up,up,98079,翁長北,79,13:54
98_up_013,13,15,98_up,up,98080,豊崎入口,80,13:56
98_up_013,13,15,98_up,up,98081,アウトレットモールあしびなー前,81,13:57
98_up_013,13,15,98_up,up,98082,道の駅豊崎,82,13:58
98_up_013,13,15,98_up,up,98083,豊崎美らSUNビーチ前,83,14:00
98_up_014,14,16,98_up,up,98001,宜野湾営業所,1,0･:･･
98_up_014,14,16,98_up,up,98002,宜野湾高校前,2,0･:･･
98_up_014,14,16,98_up,up,98003,コンベンションセンター前,3,0･:･･
98_up_014,14,16,98_up,up,98004,ラグナガーデンホテル前,4,0･:･･
98_up_014,14,16,98_up,up,98005,県営大山住宅前,5,0･:･･
98_up_014,14,16,98_up,up,98006,老人ホ－ム愛誠園前,6,0･:･･
98_up_014,14,16,98_up,up,98007,市営伊佐住宅前,7,0･:･･
98_up_014,14,16,98_up,up,98008,宜野湾市農協前,8,0･:･･
98_up_014,14,16,98_up,up,98009,伊佐川,9,0･:･･
98_up_014,14,16,98_up,up,98010,喜友名,10,0･:･･
98_up_014,14,16,98_up,up,98011,新城,11,0･:･･
98_up_014,14,16,98_up,up,98012,普天間入口,12,0･:･･
98_up_014,14,16,98_up,up,98013,普天間,13,0･:･･
98_up_014,14,16,98_up,up,98014,普天間市場入口,14,0･:･･
98_up_014,14,16,98_up,up,98015,野嵩,15,0･:･･
98_up_014,14,16,98_up,up,98016,宜野湾市役所前,16,0･:･･
98_up_014,14,16,98_up,up,98017,上原,17,0･:･･
98_up_014,14,16,98_up,up,98018,中原,18,0･:･･
98_up_014,14,16,98_up,up,98019,赤道,19,0･:･･
98_up_014,14,16,98_up,up,98020,愛知,20,0･:･･
98_up_014,14,16,98_up,up,98021,宜野湾,21,0･:･･
98_up_014,14,16,98_up,up,98022,琉大北口駐車場,22,13:05
98_up_014,14,16,98_up,up,98023,志真志三丁目,23,13:06
98_up_014,14,16,98_up,up,98024,志真志ハイツ入口,24,13:07
98_up_014,14,16,98_up,up,98025,志真志住宅前,25,13:09
98_up_014,14,16,98_up,up,98026,長田,26,13:10
98_up_014,14,16,98_up,up,98032,沖縄国際大学入口,32,13:13
98_up_014,14,16,98_up,up,98033,沖縄国際大学前,33,13:14
98_up_014,14,16,98_up,up,98034,第一佐真下,34,13:15
98_up_014,14,16,98_up,up,98035,第二佐真下,35,13:17
98_up_014,14,16,98_up,up,98036,真栄原,36,13:21
98_up_014,14,16,98_up,up,98037,広栄団地入口,37,13:22
98_up_014,14,16,98_up,up,98038,広栄,38,13:24
98_up_014,14,16,98_up,up,98039,嘉数,39,13:27
98_up_014,14,16,98_up,up,98040,浅野浦,40,13:29
98_up_014,14,16,98_up,up,98041,大平,41,13:31
98_up_014,14,16,98_up,up,98042,陽明高校前,42,13:33
98_up_014,14,16,98_up,up,98043,沢岻,43,13:34
98_up_014,14,16,98_up,up,98044,末吉団地前,44,13:36
98_up_014,14,16,98_up,up,98045,古島駅前,45,13:38
98_up_014,14,16,98_up,up,98046,興南高校前,46,13:40
98_up_014,14,16,98_up,up,98047,真嘉比,47,13:42
98_up_014,14,16,98_up,up,98048,おもろまち駅前,48,13:44
98_up_014,14,16,98_up,up,98049,安里一区,49,13:45
98_up_014,14,16,98_up,up,98056,安里,56,13:51
98_up_014,14,16,98_up,up,98057,牧志,57,13:53
98_up_014,14,16,98_up,up,98058,ホテルコレクティブ前,58,13:58
98_up_014,14,16,98_up,up,98059,県庁北口,59,14:03
98_up_014,14,16,98_up,up,98060,旭橋,60,14:06
98_up_014,14,16,98_up,up,98061,公園前,61,14:10
98_up_014,14,16,98_up,up,98062,軍桟橋前,62,14:11
98_up_014,14,16,98_up,up,98063,山下,63,14:12
98_up_014,14,16,98_up,up,98064,小禄入口,64,14:14
98_up_014,14,16,98_up,up,98065,小禄,65,14:15
98_up_014,14,16,98_up,up,98066,小禄自治会館入口,66,14:17
98_up_014,14,16,98_up,up,98067,小禄南小学校入口,67,14:18
98_up_014,14,16,98_up,up,98068,宇栄原団地前,68,14:19
98_up_014,14,16,98_up,up,98069,とみぐすく南,69,14:21
98_up_014,14,16,98_up,up,98070,平和台北口,70,14:22
98_up_014,14,16,98_up,up,98071,宜保公民館前,71,14:23
98_up_014,14,16,98_up,up,98072,宜保,72,14:24
98_up_014,14,16,98_up,up,98073,豊見城中央病院前,73,14:26
98_up_014,14,16,98_up,up,98074,平和台団地入口,74,14:27
98_up_014,14,16,98_up,up,98075,我那覇,75,14:31
98_up_014,14,16,98_up,up,98076,伊良波,76,14:31
98_up_014,14,16,98_up,up,98077,座安入口,77,14:32
98_up_014,14,16,98_up,up,98078,与根入口,78,14:32
98_up_014,14,16,98_up,up,98079,翁長北,79,14:34
98_up_014,14,16,98_up,up,98080,豊崎入口,80,14:36
98_up_014,14,16,98_up,up,98081,アウトレットモールあしびなー前,81,14:37
98_up_014,14,16,98_up,up,98082,道の駅豊崎,82,14:38
98_up_014,14,16,98_up,up,98083,豊崎美らSUNビーチ前,83,14:40
98_up_015,15,17,98_up,up,98001,宜野湾営業所,1,0･:･･
98_up_015,15,17,98_up,up,98002,宜野湾高校前,2,0･:･･
98_up_015,15,17,98_up,up,98003,コンベンションセンター前,3,0･:･･
98_up_015,15,17,98_up,up,98004,ラグナガーデンホテル前,4,0･:･･
98_up_015,15,17,98_up,up,98005,県営大山住宅前,5,0･:･･
98_up_015,15,17,98_up,up,98006,老人ホ－ム愛誠園前,6,0･:･･
98_up_015,15,17,98_up,up,98007,市営伊佐住宅前,7,0･:･･
98_up_015,15,17,98_up,up,98008,宜野湾市農協前,8,0･:･･
98_up_015,15,17,98_up,up,98009,伊佐川,9,0･:･･
98_up_015,15,17,98_up,up,98010,喜友名,10,0･:･･
98_up_015,15,17,98_up,up,98011,新城,11,0･:･･
98_up_015,15,17,98_up,up,98012,普天間入口,12,0･:･･
98_up_015,15,17,98_up,up,98013,普天間,13,0･:･･
98_up_015,15,17,98_up,up,98014,普天間市場入口,14,0･:･･
98_up_015,15,17,98_up,up,98015,野嵩,15,0･:･･
98_up_015,15,17,98_up,up,98016,宜野湾市役所前,16,0･:･･
98_up_015,15,17,98_up,up,98017,上原,17,0･:･･
98_up_015,15,17,98_up,up,98018,中原,18,0･:･･
98_up_015,15,17,98_up,up,98019,赤道,19,0･:･･
98_up_015,15,17,98_up,up,98020,愛知,20,0･:･･
98_up_015,15,17,98_up,up,98021,宜野湾,21,0･:･･
98_up_015,15,17,98_up,up,98022,琉大北口駐車場,22,13:45
98_up_015,15,17,98_up,up,98023,志真志三丁目,23,13:46
98_up_015,15,17,98_up,up,98024,志真志ハイツ入口,24,13:47
98_up_015,15,17,98_up,up,98025,志真志住宅前,25,13:49
98_up_015,15,17,98_up,up,98026,長田,26,13:50
98_up_015,15,17,98_up,up,98032,沖縄国際大学入口,32,13:53
98_up_015,15,17,98_up,up,98033,沖縄国際大学前,33,13:54
98_up_015,15,17,98_up,up,98034,第一佐真下,34,13:55
98_up_015,15,17,98_up,up,98035,第二佐真下,35,13:57
98_up_015,15,17,98_up,up,98036,真栄原,36,13:59
98_up_015,15,17,98_up,up,98037,広栄団地入口,37,14:00
98_up_015,15,17,98_up,up,98038,広栄,38,14:01
98_up_015,15,17,98_up,up,98039,嘉数,39,14:04
98_up_015,15,17,98_up,up,98040,浅野浦,40,14:06
98_up_015,15,17,98_up,up,98041,大平,41,14:07
98_up_015,15,17,98_up,up,98042,陽明高校前,42,14:08
98_up_015,15,17,98_up,up,98043,沢岻,43,14:09
98_up_015,15,17,98_up,up,98044,末吉団地前,44,14:10
98_up_015,15,17,98_up,up,98045,古島駅前,45,14:11
98_up_015,15,17,98_up,up,98046,興南高校前,46,14:12
98_up_015,15,17,98_up,up,98047,真嘉比,47,14:13
98_up_015,15,17,98_up,up,98048,おもろまち駅前,48,14:15
98_up_015,15,17,98_up,up,98049,安里一区,49,14:16
98_up_015,15,17,98_up,up,98056,安里,56,14:21
98_up_015,15,17,98_up,up,98057,牧志,57,14:23
98_up_015,15,17,98_up,up,98058,ホテルコレクティブ前,58,14:29
98_up_015,15,17,98_up,up,98059,県庁北口,59,14:35
98_up_015,15,17,98_up,up,98060,旭橋,60,14:40
98_up_015,15,17,98_up,up,98061,公園前,61,14:45
98_up_015,15,17,98_up,up,98062,軍桟橋前,62,14:46
98_up_015,15,17,98_up,up,98063,山下,63,14:47
98_up_015,15,17,98_up,up,98064,小禄入口,64,14:49
98_up_015,15,17,98_up,up,98065,小禄,65,14:50
98_up_015,15,17,98_up,up,98066,小禄自治会館入口,66,14:52
98_up_015,15,17,98_up,up,98067,小禄南小学校入口,67,14:53
98_up_015,15,17,98_up,up,98068,宇栄原団地前,68,14:54
98_up_015,15,17,98_up,up,98069,とみぐすく南,69,14:56
98_up_015,15,17,98_up,up,98070,平和台北口,70,14:57
98_up_015,15,17,98_up,up,98071,宜保公民館前,71,14:58
98_up_015,15,17,98_up,up,98072,宜保,72,14:59
98_up_015,15,17,98_up,up,98073,豊見城中央病院前,73,15:01
98_up_015,15,17,98_up,up,98074,平和台団地入口,74,15:02
98_up_015,15,17,98_up,up,98075,我那覇,75,15:06
98_up_015,15,17,98_up,up,98076,伊良波,76,15:06
98_up_015,15,17,98_up,up,98077,座安入口,77,15:08
98_up_015,15,17,98_up,up,98078,与根入口,78,15:08
98_up_015,15,17,98_up,up,98079,翁長北,79,15:10
98_up_015,15,17,98_up,up,98080,豊崎入口,80,15:12
98_up_015,15,17,98_up,up,98081,アウトレットモールあしびなー前,81,15:13
98_up_015,15,17,98_up,up,98082,道の駅豊崎,82,15:14
98_up_015,15,17,98_up,up,98083,豊崎美らSUNビーチ前,83,15:16
98_up_016,16,18,98_up,up,98001,宜野湾営業所,1,0･:･･
98_up_016,16,18,98_up,up,98002,宜野湾高校前,2,0･:･･
98_up_016,16,18,98_up,up,98003,コンベンションセンター前,3,0･:･･
98_up_016,16,18,98_up,up,98004,ラグナガーデンホテル前,4,0･:･･
98_up_016,16,18,98_up,up,98005,県営大山住宅前,5,0･:･･
98_up_016,16,18,98_up,up,98006,老人ホ－ム愛誠園前,6,0･:･･
98_up_016,16,18,98_up,up,98007,市営伊佐住宅前,7,0･:･･
98_up_016,16,18,98_up,up,98008,宜野湾市農協前,8,0･:･･
98_up_016,16,18,98_up,up,98009,伊佐川,9,0･:･･
98_up_016,16,18,98_up,up,98010,喜友名,10,0･:･･
98_up_016,16,18,98_up,up,98011,新城,11,0･:･･
98_up_016,16,18,98_up,up,98012,普天間入口,12,0･:･･
98_up_016,16,18,98_up,up,98013,普天間,13,0･:･･
98_up_016,16,18,98_up,up,98014,普天間市場入口,14,0･:･･
98_up_016,16,18,98_up,up,98015,野嵩,15,0･:･･
98_up_016,16,18,98_up,up,98016,宜野湾市役所前,16,0･:･･
98_up_016,16,18,98_up,up,98017,上原,17,0･:･･
98_up_016,16,18,98_up,up,98018,中原,18,0･:･･
98_up_016,16,18,98_up,up,98019,赤道,19,0･:･･
98_up_016,16,18,98_up,up,98020,愛知,20,0･:･･
98_up_016,16,18,98_up,up,98021,宜野湾,21,0･:･･
98_up_016,16,18,98_up,up,98022,琉大北口駐車場,22,14:15
98_up_016,16,18,98_up,up,98023,志真志三丁目,23,14:16
98_up_016,16,18,98_up,up,98024,志真志ハイツ入口,24,14:17
98_up_016,16,18,98_up,up,98025,志真志住宅前,25,14:19
98_up_016,16,18,98_up,up,98026,長田,26,14:20
98_up_016,16,18,98_up,up,98032,沖縄国際大学入口,32,14:22
98_up_016,16,18,98_up,up,98033,沖縄国際大学前,33,14:23
98_up_016,16,18,98_up,up,98034,第一佐真下,34,14:24
98_up_016,16,18,98_up,up,98035,第二佐真下,35,14:26
98_up_016,16,18,98_up,up,98036,真栄原,36,14:28
98_up_016,16,18,98_up,up,98037,広栄団地入口,37,14:29
98_up_016,16,18,98_up,up,98038,広栄,38,14:30
98_up_016,16,18,98_up,up,98039,嘉数,39,14:33
98_up_016,16,18,98_up,up,98040,浅野浦,40,14:35
98_up_016,16,18,98_up,up,98041,大平,41,14:36
98_up_016,16,18,98_up,up,98042,陽明高校前,42,14:37
98_up_016,16,18,98_up,up,98043,沢岻,43,14:39
98_up_016,16,18,98_up,up,98044,末吉団地前,44,14:40
98_up_016,16,18,98_up,up,98045,古島駅前,45,14:41
98_up_016,16,18,98_up,up,98046,興南高校前,46,14:42
98_up_016,16,18,98_up,up,98047,真嘉比,47,14:44
98_up_016,16,18,98_up,up,98048,おもろまち駅前,48,14:46
98_up_016,16,18,98_up,up,98049,安里一区,49,14:48
98_up_016,16,18,98_up,up,98056,安里,56,14:52
98_up_016,16,18,98_up,up,98057,牧志,57,14:53
98_up_016,16,18,98_up,up,98058,ホテルコレクティブ前,58,14:58
98_up_016,16,18,98_up,up,98059,県庁北口,59,15:01
98_up_016,16,18,98_up,up,98060,旭橋,60,15:05
98_up_016,16,18,98_up,up,98061,公園前,61,15:08
98_up_016,16,18,98_up,up,98062,軍桟橋前,62,15:09
98_up_016,16,18,98_up,up,98063,山下,63,15:10
98_up_016,16,18,98_up,up,98064,小禄入口,64,15:11
98_up_016,16,18,98_up,up,98065,小禄,65,15:13
98_up_016,16,18,98_up,up,98066,小禄自治会館入口,66,15:15
98_up_016,16,18,98_up,up,98067,小禄南小学校入口,67,15:16
98_up_016,16,18,98_up,up,98068,宇栄原団地前,68,15:17
98_up_016,16,18,98_up,up,98069,とみぐすく南,69,15:19
98_up_016,16,18,98_up,up,98070,平和台北口,70,15:20
98_up_016,16,18,98_up,up,98071,宜保公民館前,71,15:21
98_up_016,16,18,98_up,up,98072,宜保,72,15:22
98_up_016,16,18,98_up,up,98073,豊見城中央病院前,73,15:24
98_up_016,16,18,98_up,up,98074,平和台団地入口,74,15:25
98_up_016,16,18,98_up,up,98075,我那覇,75,15:28
98_up_016,16,18,98_up,up,98076,伊良波,76,15:28
98_up_016,16,18,98_up,up,98077,座安入口,77,15:30
98_up_016,16,18,98_up,up,98078,与根入口,78,15:30
98_up_016,16,18,98_up,up,98079,翁長北,79,15:32
98_up_016,16,18,98_up,up,98080,豊崎入口,80,15:34
98_up_016,16,18,98_up,up,98081,アウトレットモールあしびなー前,81,15:35
98_up_016,16,18,98_up,up,98082,道の駅豊崎,82,15:36
98_up_016,16,18,98_up,up,98083,豊崎美らSUNビーチ前,83,15:38
98_up_017,17,19,98_up,up,98001,宜野湾営業所,1,0･:･･
98_up_017,17,19,98_up,up,98002,宜野湾高校前,2,0･:･･
98_up_017,17,19,98_up,up,98003,コンベンションセンター前,3,0･:･･
98_up_017,17,19,98_up,up,98004,ラグナガーデンホテル前,4,0･:･･
98_up_017,17,19,98_up,up,98005,県営大山住宅前,5,0･:･･
98_up_017,17,19,98_up,up,98006,老人ホ－ム愛誠園前,6,0･:･･
98_up_017,17,19,98_up,up,98007,市営伊佐住宅前,7,0･:･･
98_up_017,17,19,98_up,up,98008,宜野湾市農協前,8,0･:･･
98_up_017,17,19,98_up,up,98009,伊佐川,9,0･:･･
98_up_017,17,19,98_up,up,98010,喜友名,10,0･:･･
98_up_017,17,19,98_up,up,98011,新城,11,0･:･･
98_up_017,17,19,98_up,up,98012,普天間入口,12,0･:･･
98_up_017,17,19,98_up,up,98013,普天間,13,0･:･･
98_up_017,17,19,98_up,up,98014,普天間市場入口,14,0･:･･
98_up_017,17,19,98_up,up,98015,野嵩,15,0･:･･
98_up_017,17,19,98_up,up,98016,宜野湾市役所前,16,0･:･･
98_up_017,17,19,98_up,up,98017,上原,17,0･:･･
98_up_017,17,19,98_up,up,98018,中原,18,0･:･･
98_up_017,17,19,98_up,up,98019,赤道,19,0･:･･
98_up_017,17,19,98_up,up,98020,愛知,20,0･:･･
98_up_017,17,19,98_up,up,98021,宜野湾,21,0･:･･
98_up_017,17,19,98_up,up,98022,琉大北口駐車場,22,14:45
98_up_017,17,19,98_up,up,98023,志真志三丁目,23,14:46
98_up_017,17,19,98_up,up,98024,志真志ハイツ入口,24,14:47
98_up_017,17,19,98_up,up,98025,志真志住宅前,25,14:49
98_up_017,17,19,98_up,up,98026,長田,26,14:50
98_up_017,17,19,98_up,up,98032,沖縄国際大学入口,32,14:53
98_up_017,17,19,98_up,up,98033,沖縄国際大学前,33,14:54
98_up_017,17,19,98_up,up,98034,第一佐真下,34,14:55
98_up_017,17,19,98_up,up,98035,第二佐真下,35,14:57
98_up_017,17,19,98_up,up,98036,真栄原,36,15:00
98_up_017,17,19,98_up,up,98037,広栄団地入口,37,15:01
98_up_017,17,19,98_up,up,98038,広栄,38,15:03
98_up_017,17,19,98_up,up,98039,嘉数,39,15:06
98_up_017,17,19,98_up,up,98040,浅野浦,40,15:08
98_up_017,17,19,98_up,up,98041,大平,41,15:10
98_up_017,17,19,98_up,up,98042,陽明高校前,42,15:12
98_up_017,17,19,98_up,up,98043,沢岻,43,15:13
98_up_017,17,19,98_up,up,98044,末吉団地前,44,15:15
98_up_017,17,19,98_up,up,98045,古島駅前,45,15:16
98_up_017,17,19,98_up,up,98046,興南高校前,46,15:18
98_up_017,17,19,98_up,up,98047,真嘉比,47,15:20
98_up_017,17,19,98_up,up,98048,おもろまち駅前,48,15:21
98_up_017,17,19,98_up,up,98049,安里一区,49,15:23
98_up_017,17,19,98_up,up,98056,安里,56,15:29
98_up_017,17,19,98_up,up,98057,牧志,57,15:30
98_up_017,17,19,98_up,up,98058,ホテルコレクティブ前,58,15:37
98_up_017,17,19,98_up,up,98059,県庁北口,59,15:43
98_up_017,17,19,98_up,up,98060,旭橋,60,15:47
98_up_017,17,19,98_up,up,98061,公園前,61,15:52
98_up_017,17,19,98_up,up,98062,軍桟橋前,62,15:53
98_up_017,17,19,98_up,up,98063,山下,63,15:54
98_up_017,17,19,98_up,up,98064,小禄入口,64,15:56
98_up_017,17,19,98_up,up,98065,小禄,65,15:58
98_up_017,17,19,98_up,up,98066,小禄自治会館入口,66,16:00
98_up_017,17,19,98_up,up,98067,小禄南小学校入口,67,16:01
98_up_017,17,19,98_up,up,98068,宇栄原団地前,68,16:03
98_up_017,17,19,98_up,up,98069,とみぐすく南,69,16:06
98_up_017,17,19,98_up,up,98070,平和台北口,70,16:08
98_up_017,17,19,98_up,up,98071,宜保公民館前,71,16:10
98_up_017,17,19,98_up,up,98072,宜保,72,16:12
98_up_017,17,19,98_up,up,98073,豊見城中央病院前,73,16:14
98_up_017,17,19,98_up,up,98074,平和台団地入口,74,16:15
98_up_017,17,19,98_up,up,98075,我那覇,75,16:19
98_up_017,17,19,98_up,up,98076,伊良波,76,16:19
98_up_017,17,19,98_up,up,98077,座安入口,77,16:21
98_up_017,17,19,98_up,up,98078,与根入口,78,16:21
98_up_017,17,19,98_up,up,98079,翁長北,79,16:23
98_up_017,17,19,98_up,up,98080,豊崎入口,80,16:25
98_up_017,17,19,98_up,up,98081,アウトレットモールあしびなー前,81,16:27
98_up_017,17,19,98_up,up,98082,道の駅豊崎,82,16:28
98_up_017,17,19,98_up,up,98083,豊崎美らSUNビーチ前,83,16:30
98_up_018,18,20,98_up,up,98001,宜野湾営業所,1,0･:･･
98_up_018,18,20,98_up,up,98002,宜野湾高校前,2,0･:･･
98_up_018,18,20,98_up,up,98003,コンベンションセンター前,3,0･:･･
98_up_018,18,20,98_up,up,98004,ラグナガーデンホテル前,4,0･:･･
98_up_018,18,20,98_up,up,98005,県営大山住宅前,5,0･:･･
98_up_018,18,20,98_up,up,98006,老人ホ－ム愛誠園前,6,0･:･･
98_up_018,18,20,98_up,up,98007,市営伊佐住宅前,7,0･:･･
98_up_018,18,20,98_up,up,98008,宜野湾市農協前,8,0･:･･
98_up_018,18,20,98_up,up,98009,伊佐川,9,0･:･･
98_up_018,18,20,98_up,up,98010,喜友名,10,0･:･･
98_up_018,18,20,98_up,up,98011,新城,11,0･:･･
98_up_018,18,20,98_up,up,98012,普天間入口,12,0･:･･
98_up_018,18,20,98_up,up,98013,普天間,13,0･:･･
98_up_018,18,20,98_up,up,98014,普天間市場入口,14,0･:･･
98_up_018,18,20,98_up,up,98015,野嵩,15,0･:･･
98_up_018,18,20,98_up,up,98016,宜野湾市役所前,16,0･:･･
98_up_018,18,20,98_up,up,98017,上原,17,0･:･･
98_up_018,18,20,98_up,up,98018,中原,18,0･:･･
98_up_018,18,20,98_up,up,98019,赤道,19,0･:･･
98_up_018,18,20,98_up,up,98020,愛知,20,0･:･･
98_up_018,18,20,98_up,up,98021,宜野湾,21,0･:･･
98_up_018,18,20,98_up,up,98022,琉大北口駐車場,22,15:25
98_up_018,18,20,98_up,up,98023,志真志三丁目,23,15:26
98_up_018,18,20,98_up,up,98024,志真志ハイツ入口,24,15:27
98_up_018,18,20,98_up,up,98025,志真志住宅前,25,15:29
98_up_018,18,20,98_up,up,98026,長田,26,15:30
98_up_018,18,20,98_up,up,98032,沖縄国際大学入口,32,15:33
98_up_018,18,20,98_up,up,98033,沖縄国際大学前,33,15:34
98_up_018,18,20,98_up,up,98034,第一佐真下,34,15:35
98_up_018,18,20,98_up,up,98035,第二佐真下,35,15:37
98_up_018,18,20,98_up,up,98036,真栄原,36,15:40
98_up_018,18,20,98_up,up,98037,広栄団地入口,37,15:41
98_up_018,18,20,98_up,up,98038,広栄,38,15:43
98_up_018,18,20,98_up,up,98039,嘉数,39,15:46
98_up_018,18,20,98_up,up,98040,浅野浦,40,15:48
98_up_018,18,20,98_up,up,98041,大平,41,15:50
98_up_018,18,20,98_up,up,98042,陽明高校前,42,15:52
98_up_018,18,20,98_up,up,98043,沢岻,43,15:53
98_up_018,18,20,98_up,up,98044,末吉団地前,44,15:55
98_up_018,18,20,98_up,up,98045,古島駅前,45,15:56
98_up_018,18,20,98_up,up,98046,興南高校前,46,15:58
98_up_018,18,20,98_up,up,98047,真嘉比,47,16:00
98_up_018,18,20,98_up,up,98048,おもろまち駅前,48,16:01
98_up_018,18,20,98_up,up,98049,安里一区,49,16:03
98_up_018,18,20,98_up,up,98056,安里,56,16:09
98_up_018,18,20,98_up,up,98057,牧志,57,16:10
98_up_018,18,20,98_up,up,98058,ホテルコレクティブ前,58,16:17
98_up_018,18,20,98_up,up,98059,県庁北口,59,16:23
98_up_018,18,20,98_up,up,98060,旭橋,60,16:27
98_up_018,18,20,98_up,up,98061,公園前,61,16:32
98_up_018,18,20,98_up,up,98062,軍桟橋前,62,16:33
98_up_018,18,20,98_up,up,98063,山下,63,16:34
98_up_018,18,20,98_up,up,98064,小禄入口,64,16:36
98_up_018,18,20,98_up,up,98065,小禄,65,16:38
98_up_018,18,20,98_up,up,98066,小禄自治会館入口,66,16:40
98_up_018,18,20,98_up,up,98067,小禄南小学校入口,67,16:41
98_up_018,18,20,98_up,up,98068,宇栄原団地前,68,16:43
98_up_018,18,20,98_up,up,98069,とみぐすく南,69,16:46
98_up_018,18,20,98_up,up,98070,平和台北口,70,16:48
98_up_018,18,20,98_up,up,98071,宜保公民館前,71,16:50
98_up_018,18,20,98_up,up,98072,宜保,72,16:52
98_up_018,18,20,98_up,up,98073,豊見城中央病院前,73,16:54
98_up_018,18,20,98_up,up,98074,平和台団地入口,74,16:55
98_up_018,18,20,98_up,up,98075,我那覇,75,16:59
98_up_018,18,20,98_up,up,98076,伊良波,76,16:59
98_up_018,18,20,98_up,up,98077,座安入口,77,17:01
98_up_018,18,20,98_up,up,98078,与根入口,78,17:01
98_up_018,18,20,98_up,up,98079,翁長北,79,17:03
98_up_018,18,20,98_up,up,98080,豊崎入口,80,17:05
98_up_018,18,20,98_up,up,98081,アウトレットモールあしびなー前,81,17:07
98_up_018,18,20,98_up,up,98082,道の駅豊崎,82,17:08
98_up_018,18,20,98_up,up,98083,豊崎美らSUNビーチ前,83,17:10
98_up_019,19,21,98_up,up,98001,宜野湾営業所,1,0･:･･
98_up_019,19,21,98_up,up,98002,宜野湾高校前,2,0･:･･
98_up_019,19,21,98_up,up,98003,コンベンションセンター前,3,0･:･･
98_up_019,19,21,98_up,up,98004,ラグナガーデンホテル前,4,0･:･･
98_up_019,19,21,98_up,up,98005,県営大山住宅前,5,0･:･･
98_up_019,19,21,98_up,up,98006,老人ホ－ム愛誠園前,6,0･:･･
98_up_019,19,21,98_up,up,98007,市営伊佐住宅前,7,0･:･･
98_up_019,19,21,98_up,up,98008,宜野湾市農協前,8,0･:･･
98_up_019,19,21,98_up,up,98009,伊佐川,9,0･:･･
98_up_019,19,21,98_up,up,98010,喜友名,10,0･:･･
98_up_019,19,21,98_up,up,98011,新城,11,0･:･･
98_up_019,19,21,98_up,up,98012,普天間入口,12,0･:･･
98_up_019,19,21,98_up,up,98013,普天間,13,0･:･･
98_up_019,19,21,98_up,up,98014,普天間市場入口,14,0･:･･
98_up_019,19,21,98_up,up,98015,野嵩,15,0･:･･
98_up_019,19,21,98_up,up,98016,宜野湾市役所前,16,0･:･･
98_up_019,19,21,98_up,up,98017,上原,17,0･:･･
98_up_019,19,21,98_up,up,98018,中原,18,0･:･･
98_up_019,19,21,98_up,up,98019,赤道,19,0･:･･
98_up_019,19,21,98_up,up,98020,愛知,20,0･:･･
98_up_019,19,21,98_up,up,98021,宜野湾,21,0･:･･
98_up_019,19,21,98_up,up,98022,琉大北口駐車場,22,16:10
98_up_019,19,21,98_up,up,98023,志真志三丁目,23,16:11
98_up_019,19,21,98_up,up,98024,志真志ハイツ入口,24,16:12
98_up_019,19,21,98_up,up,98025,志真志住宅前,25,16:14
98_up_019,19,21,98_up,up,98026,長田,26,16:16
98_up_019,19,21,98_up,up,98032,沖縄国際大学入口,32,16:19
98_up_019,19,21,98_up,up,98033,沖縄国際大学前,33,16:20
98_up_019,19,21,98_up,up,98034,第一佐真下,34,16:22
98_up_019,19,21,98_up,up,98035,第二佐真下,35,16:24
98_up_019,19,21,98_up,up,98036,真栄原,36,16:28
98_up_019,19,21,98_up,up,98037,広栄団地入口,37,16:29
98_up_019,19,21,98_up,up,98038,広栄,38,16:31
98_up_019,19,21,98_up,up,98039,嘉数,39,16:34
98_up_019,19,21,98_up,up,98040,浅野浦,40,16:36
98_up_019,19,21,98_up,up,98041,大平,41,16:37
98_up_019,19,21,98_up,up,98042,陽明高校前,42,16:39
98_up_019,19,21,98_up,up,98043,沢岻,43,16:41
98_up_019,19,21,98_up,up,98044,末吉団地前,44,16:43
98_up_019,19,21,98_up,up,98045,古島駅前,45,16:44
98_up_019,19,21,98_up,up,98046,興南高校前,46,16:46
98_up_019,19,21,98_up,up,98047,真嘉比,47,16:48
98_up_019,19,21,98_up,up,98048,おもろまち駅前,48,16:51
98_up_019,19,21,98_up,up,98049,安里一区,49,16:55
98_up_019,19,21,98_up,up,98056,安里,56,17:00
98_up_019,19,21,98_up,up,98057,牧志,57,17:02
98_up_019,19,21,98_up,up,98058,ホテルコレクティブ前,58,17:08
98_up_019,19,21,98_up,up,98059,県庁北口,59,17:12
98_up_019,19,21,98_up,up,98060,旭橋,60,17:15
98_up_019,19,21,98_up,up,98061,公園前,61,17:19
98_up_019,19,21,98_up,up,98062,軍桟橋前,62,17:21
98_up_019,19,21,98_up,up,98063,山下,63,17:23
98_up_019,19,21,98_up,up,98064,小禄入口,64,17:25
98_up_019,19,21,98_up,up,98065,小禄,65,17:27
98_up_019,19,21,98_up,up,98066,小禄自治会館入口,66,17:29
98_up_019,19,21,98_up,up,98067,小禄南小学校入口,67,17:31
98_up_019,19,21,98_up,up,98068,宇栄原団地前,68,17:33
98_up_019,19,21,98_up,up,98069,とみぐすく南,69,17:35
98_up_019,19,21,98_up,up,98070,平和台北口,70,17:36
98_up_019,19,21,98_up,up,98071,宜保公民館前,71,17:37
98_up_019,19,21,98_up,up,98072,宜保,72,17:38
98_up_019,19,21,98_up,up,98073,豊見城中央病院前,73,17:40
98_up_019,19,21,98_up,up,98074,平和台団地入口,74,17:41
98_up_019,19,21,98_up,up,98075,我那覇,75,17:44
98_up_019,19,21,98_up,up,98076,伊良波,76,17:44
98_up_019,19,21,98_up,up,98077,座安入口,77,17:46
98_up_019,19,21,98_up,up,98078,与根入口,78,17:46
98_up_019,19,21,98_up,up,98079,翁長北,79,17:48
98_up_019,19,21,98_up,up,98080,豊崎入口,80,17:50
98_up_019,19,21,98_up,up,98081,アウトレットモールあしびなー前,81,17:51
98_up_019,19,21,98_up,up,98082,道の駅豊崎,82,17:52
98_up_019,19,21,98_up,up,98083,豊崎美らSUNビーチ前,83,17:54
98_up_020,20,23,98_up,up,98001,宜野湾営業所,1,0･:･･
98_up_020,20,23,98_up,up,98002,宜野湾高校前,2,0･:･･
98_up_020,20,23,98_up,up,98003,コンベンションセンター前,3,0･:･･
98_up_020,20,23,98_up,up,98004,ラグナガーデンホテル前,4,0･:･･
98_up_020,20,23,98_up,up,98005,県営大山住宅前,5,0･:･･
98_up_020,20,23,98_up,up,98006,老人ホ－ム愛誠園前,6,0･:･･
98_up_020,20,23,98_up,up,98007,市営伊佐住宅前,7,0･:･･
98_up_020,20,23,98_up,up,98008,宜野湾市農協前,8,0･:･･
98_up_020,20,23,98_up,up,98009,伊佐川,9,0･:･･
98_up_020,20,23,98_up,up,98010,喜友名,10,0･:･･
98_up_020,20,23,98_up,up,98011,新城,11,0･:･･
98_up_020,20,23,98_up,up,98012,普天間入口,12,0･:･･
98_up_020,20,23,98_up,up,98013,普天間,13,0･:･･
98_up_020,20,23,98_up,up,98014,普天間市場入口,14,0･:･･
98_up_020,20,23,98_up,up,98015,野嵩,15,0･:･･
98_up_020,20,23,98_up,up,98016,宜野湾市役所前,16,0･:･･
98_up_020,20,23,98_up,up,98017,上原,17,0･:･･
98_up_020,20,23,98_up,up,98018,中原,18,0･:･･
98_up_020,20,23,98_up,up,98019,赤道,19,0･:･･
98_up_020,20,23,98_up,up,98020,愛知,20,0･:･･
98_up_020,20,23,98_up,up,98021,宜野湾,21,0･:･･
98_up_020,20,23,98_up,up,98022,琉大北口駐車場,22,17:20
98_up_020,20,23,98_up,up,98023,志真志三丁目,23,17:21
98_up_020,20,23,98_up,up,98024,志真志ハイツ入口,24,17:22
98_up_020,20,23,98_up,up,98025,志真志住宅前,25,17:25
98_up_020,20,23,98_up,up,98026,長田,26,17:26
98_up_020,20,23,98_up,up,98032,沖縄国際大学入口,32,17:30
98_up_020,20,23,98_up,up,98033,沖縄国際大学前,33,17:31
98_up_020,20,23,98_up,up,98034,第一佐真下,34,17:32
98_up_020,20,23,98_up,up,98035,第二佐真下,35,17:34
98_up_020,20,23,98_up,up,98036,真栄原,36,17:38
98_up_020,20,23,98_up,up,98037,広栄団地入口,37,17:40
98_up_020,20,23,98_up,up,98038,広栄,38,17:42
98_up_020,20,23,98_up,up,98039,嘉数,39,17:45
98_up_020,20,23,98_up,up,98040,浅野浦,40,17:48
98_up_020,20,23,98_up,up,98041,大平,41,17:50
98_up_020,20,23,98_up,up,98042,陽明高校前,42,17:53
98_up_020,20,23,98_up,up,98043,沢岻,43,17:55
98_up_020,20,23,98_up,up,98044,末吉団地前,44,17:57
98_up_020,20,23,98_up,up,98045,古島駅前,45,17:59
98_up_020,20,23,98_up,up,98046,興南高校前,46,18:02
98_up_020,20,23,98_up,up,98047,真嘉比,47,18:05
98_up_020,20,23,98_up,up,98048,おもろまち駅前,48,18:09
98_up_020,20,23,98_up,up,98049,安里一区,49,18:11
98_up_020,20,23,98_up,up,98056,安里,56,18:18
98_up_020,20,23,98_up,up,98057,牧志,57,18:19
98_up_020,20,23,98_up,up,98058,ホテルコレクティブ前,58,18:23
98_up_020,20,23,98_up,up,98059,県庁北口,59,18:29
98_up_020,20,23,98_up,up,98060,旭橋,60,18:33
98_up_020,20,23,98_up,up,98061,公園前,61,18:38
98_up_020,20,23,98_up,up,98062,軍桟橋前,62,18:40
98_up_020,20,23,98_up,up,98063,山下,63,18:42
98_up_020,20,23,98_up,up,98064,小禄入口,64,18:45
98_up_020,20,23,98_up,up,98065,小禄,65,18:47
98_up_020,20,23,98_up,up,98066,小禄自治会館入口,66,18:49
98_up_020,20,23,98_up,up,98067,小禄南小学校入口,67,18:50
98_up_020,20,23,98_up,up,98068,宇栄原団地前,68,18:52
98_up_020,20,23,98_up,up,98069,とみぐすく南,69,18:55
98_up_020,20,23,98_up,up,98070,平和台北口,70,18:57
98_up_020,20,23,98_up,up,98071,宜保公民館前,71,18:59
98_up_020,20,23,98_up,up,98072,宜保,72,19:00
98_up_020,20,23,98_up,up,98073,豊見城中央病院前,73,19:02
98_up_020,20,23,98_up,up,98074,平和台団地入口,74,19:03
98_up_020,20,23,98_up,up,98075,我那覇,75,19:07
98_up_020,20,23,98_up,up,98076,伊良波,76,19:07
98_up_020,20,23,98_up,up,98077,座安入口,77,19:08
98_up_020,20,23,98_up,up,98078,与根入口,78,19:08
98_up_020,20,23,98_up,up,98079,翁長北,79,19:10
98_up_020,20,23,98_up,up,98080,豊崎入口,80,19:12
98_up_020,20,23,98_up,up,98081,アウトレットモールあしびなー前,81,19:13
98_up_020,20,23,98_up,up,98082,道の駅豊崎,82,19:14
98_up_020,20,23,98_up,up,98083,豊崎美らSUNビーチ前,83,19:16
98_up_021,21,24,98_up,up,98001,宜野湾営業所,1,0･:･･
98_up_021,21,24,98_up,up,98002,宜野湾高校前,2,0･:･･
98_up_021,21,24,98_up,up,98003,コンベンションセンター前,3,0･:･･
98_up_021,21,24,98_up,up,98004,ラグナガーデンホテル前,4,0･:･･
98_up_021,21,24,98_up,up,98005,県営大山住宅前,5,0･:･･
98_up_021,21,24,98_up,up,98006,老人ホ－ム愛誠園前,6,0･:･･
98_up_021,21,24,98_up,up,98007,市営伊佐住宅前,7,0･:･･
98_up_021,21,24,98_up,up,98008,宜野湾市農協前,8,0･:･･
98_up_021,21,24,98_up,up,98009,伊佐川,9,0･:･･
98_up_021,21,24,98_up,up,98010,喜友名,10,0･:･･
98_up_021,21,24,98_up,up,98011,新城,11,0･:･･
98_up_021,21,24,98_up,up,98012,普天間入口,12,0･:･･
98_up_021,21,24,98_up,up,98013,普天間,13,0･:･･
98_up_021,21,24,98_up,up,98014,普天間市場入口,14,0･:･･
98_up_021,21,24,98_up,up,98015,野嵩,15,0･:･･
98_up_021,21,24,98_up,up,98016,宜野湾市役所前,16,0･:･･
98_up_021,21,24,98_up,up,98017,上原,17,0･:･･
98_up_021,21,24,98_up,up,98018,中原,18,0･:･･
98_up_021,21,24,98_up,up,98019,赤道,19,0･:･･
98_up_021,21,24,98_up,up,98020,愛知,20,0･:･･
98_up_021,21,24,98_up,up,98021,宜野湾,21,0･:･･
98_up_021,21,24,98_up,up,98022,琉大北口駐車場,22,18:10
98_up_021,21,24,98_up,up,98023,志真志三丁目,23,18:11
98_up_021,21,24,98_up,up,98024,志真志ハイツ入口,24,18:13
98_up_021,21,24,98_up,up,98025,志真志住宅前,25,18:15
98_up_021,21,24,98_up,up,98026,長田,26,18:16
98_up_021,21,24,98_up,up,98032,沖縄国際大学入口,32,18:19
98_up_021,21,24,98_up,up,98033,沖縄国際大学前,33,18:21
98_up_021,21,24,98_up,up,98034,第一佐真下,34,18:22
98_up_021,21,24,98_up,up,98035,第二佐真下,35,18:24
98_up_021,21,24,98_up,up,98036,真栄原,36,18:27
98_up_021,21,24,98_up,up,98037,広栄団地入口,37,18:29
98_up_021,21,24,98_up,up,98038,広栄,38,18:31
98_up_021,21,24,98_up,up,98039,嘉数,39,18:34
98_up_021,21,24,98_up,up,98040,浅野浦,40,18:36
98_up_021,21,24,98_up,up,98041,大平,41,18:38
98_up_021,21,24,98_up,up,98042,陽明高校前,42,18:40
98_up_021,21,24,98_up,up,98043,沢岻,43,18:41
98_up_021,21,24,98_up,up,98044,末吉団地前,44,18:43
98_up_021,21,24,98_up,up,98045,古島駅前,45,18:44
98_up_021,21,24,98_up,up,98046,興南高校前,46,18:46
98_up_021,21,24,98_up,up,98047,真嘉比,47,18:48
98_up_021,21,24,98_up,up,98048,おもろまち駅前,48,18:50
98_up_021,21,24,98_up,up,98049,安里一区,49,18:53
98_up_021,21,24,98_up,up,98056,安里,56,18:57
98_up_021,21,24,98_up,up,98057,牧志,57,18:58
98_up_021,21,24,98_up,up,98058,ホテルコレクティブ前,58,19:02
98_up_021,21,24,98_up,up,98059,県庁北口,59,19:06
98_up_021,21,24,98_up,up,98060,旭橋,60,19:09
98_up_021,21,24,98_up,up,98061,公園前,61,19:13
98_up_021,21,24,98_up,up,98062,軍桟橋前,62,19:15
98_up_021,21,24,98_up,up,98063,山下,63,19:17
98_up_021,21,24,98_up,up,98064,小禄入口,64,19:19
98_up_021,21,24,98_up,up,98065,小禄,65,19:21
98_up_021,21,24,98_up,up,98066,小禄自治会館入口,66,19:23
98_up_021,21,24,98_up,up,98067,小禄南小学校入口,67,19:25
98_up_021,21,24,98_up,up,98068,宇栄原団地前,68,19:27
98_up_021,21,24,98_up,up,98069,とみぐすく南,69,19:29
98_up_021,21,24,98_up,up,98070,平和台北口,70,19:30
98_up_021,21,24,98_up,up,98071,宜保公民館前,71,19:31
98_up_021,21,24,98_up,up,98072,宜保,72,19:32
98_up_021,21,24,98_up,up,98073,豊見城中央病院前,73,19:34
98_up_021,21,24,98_up,up,98074,平和台団地入口,74,19:35
98_up_021,21,24,98_up,up,98075,我那覇,75,19:38
98_up_021,21,24,98_up,up,98076,伊良波,76,19:38
98_up_021,21,24,98_up,up,98077,座安入口,77,19:40
98_up_021,21,24,98_up,up,98078,与根入口,78,19:40
98_up_021,21,24,98_up,up,98079,翁長北,79,19:42
98_up_021,21,24,98_up,up,98080,豊崎入口,80,19:44
98_up_021,21,24,98_up,up,98081,アウトレットモールあしびなー前,81,19:45
98_up_021,21,24,98_up,up,98082,道の駅豊崎,82,19:46
98_up_021,21,24,98_up,up,98083,豊崎美らSUNビーチ前,83,19:48
98_up_022,22,25,98_up,up,98001,宜野湾営業所,1,0･:･･
98_up_022,22,25,98_up,up,98002,宜野湾高校前,2,0･:･･
98_up_022,22,25,98_up,up,98003,コンベンションセンター前,3,0･:･･
98_up_022,22,25,98_up,up,98004,ラグナガーデンホテル前,4,0･:･･
98_up_022,22,25,98_up,up,98005,県営大山住宅前,5,0･:･･
98_up_022,22,25,98_up,up,98006,老人ホ－ム愛誠園前,6,0･:･･
98_up_022,22,25,98_up,up,98007,市営伊佐住宅前,7,0･:･･
98_up_022,22,25,98_up,up,98008,宜野湾市農協前,8,0･:･･
98_up_022,22,25,98_up,up,98009,伊佐川,9,0･:･･
98_up_022,22,25,98_up,up,98010,喜友名,10,0･:･･
98_up_022,22,25,98_up,up,98011,新城,11,0･:･･
98_up_022,22,25,98_up,up,98012,普天間入口,12,0･:･･
98_up_022,22,25,98_up,up,98013,普天間,13,0･:･･
98_up_022,22,25,98_up,up,98014,普天間市場入口,14,0･:･･
98_up_022,22,25,98_up,up,98015,野嵩,15,0･:･･
98_up_022,22,25,98_up,up,98016,宜野湾市役所前,16,0･:･･
98_up_022,22,25,98_up,up,98017,上原,17,0･:･･
98_up_022,22,25,98_up,up,98018,中原,18,0･:･･
98_up_022,22,25,98_up,up,98019,赤道,19,0･:･･
98_up_022,22,25,98_up,up,98020,愛知,20,0･:･･
98_up_022,22,25,98_up,up,98021,宜野湾,21,0･:･･
98_up_022,22,25,98_up,up,98022,琉大北口駐車場,22,19:00
98_up_022,22,25,98_up,up,98023,志真志三丁目,23,19:01
98_up_022,22,25,98_up,up,98024,志真志ハイツ入口,24,19:02
98_up_022,22,25,98_up,up,98025,志真志住宅前,25,19:04
98_up_022,22,25,98_up,up,98026,長田,26,19:05
98_up_022,22,25,98_up,up,98032,沖縄国際大学入口,32,19:08
98_up_022,22,25,98_up,up,98033,沖縄国際大学前,33,19:09
98_up_022,22,25,98_up,up,98034,第一佐真下,34,19:10
98_up_022,22,25,98_up,up,98035,第二佐真下,35,19:11
98_up_022,22,25,98_up,up,98036,真栄原,36,19:14
98_up_022,22,25,98_up,up,98037,広栄団地入口,37,19:15
98_up_022,22,25,98_up,up,98038,広栄,38,19:16
98_up_022,22,25,98_up,up,98039,嘉数,39,19:18
98_up_022,22,25,98_up,up,98040,浅野浦,40,19:20
98_up_022,22,25,98_up,up,98041,大平,41,19:21
98_up_022,22,25,98_up,up,98042,陽明高校前,42,19:23
98_up_022,22,25,98_up,up,98043,沢岻,43,19:24
98_up_022,22,25,98_up,up,98044,末吉団地前,44,19:25
98_up_022,22,25,98_up,up,98045,古島駅前,45,19:26
98_up_022,22,25,98_up,up,98046,興南高校前,46,19:28
98_up_022,22,25,98_up,up,98047,真嘉比,47,19:30
98_up_022,22,25,98_up,up,98048,おもろまち駅前,48,19:32
98_up_022,22,25,98_up,up,98049,安里一区,49,19:34
98_up_022,22,25,98_up,up,98056,安里,56,19:37
98_up_022,22,25,98_up,up,98057,牧志,57,19:38
98_up_022,22,25,98_up,up,98058,ホテルコレクティブ前,58,19:42
98_up_022,22,25,98_up,up,98059,県庁北口,59,19:45
98_up_022,22,25,98_up,up,98060,旭橋,60,19:48
98_up_022,22,25,98_up,up,98061,公園前,61,19:52
98_up_022,22,25,98_up,up,98062,軍桟橋前,62,19:53
98_up_022,22,25,98_up,up,98063,山下,63,19:54
98_up_022,22,25,98_up,up,98064,小禄入口,64,19:55
98_up_022,22,25,98_up,up,98065,小禄,65,19:57
98_up_022,22,25,98_up,up,98066,小禄自治会館入口,66,19:59
98_up_022,22,25,98_up,up,98067,小禄南小学校入口,67,20:00
98_up_022,22,25,98_up,up,98068,宇栄原団地前,68,20:02
98_up_022,22,25,98_up,up,98069,とみぐすく南,69,20:04
98_up_022,22,25,98_up,up,98070,平和台北口,70,20:05
98_up_022,22,25,98_up,up,98071,宜保公民館前,71,20:06
98_up_022,22,25,98_up,up,98072,宜保,72,20:07
98_up_022,22,25,98_up,up,98073,豊見城中央病院前,73,20:09
98_up_022,22,25,98_up,up,98074,平和台団地入口,74,20:10
98_up_022,22,25,98_up,up,98075,我那覇,75,20:13
98_up_022,22,25,98_up,up,98076,伊良波,76,20:13
98_up_022,22,25,98_up,up,98077,座安入口,77,20:14
98_up_022,22,25,98_up,up,98078,与根入口,78,20:14
98_up_022,22,25,98_up,up,98079,翁長北,79,20:16
98_up_022,22,25,98_up,up,98080,豊崎入口,80,20:18
98_up_022,22,25,98_up,up,98081,アウトレットモールあしびなー前,81,20:19
98_up_022,22,25,98_up,up,98082,道の駅豊崎,82,20:20
98_up_022,22,25,98_up,up,98083,豊崎美らSUNビーチ前,83,20:22
98_up_023,23,26,98_up,up,98001,宜野湾営業所,1,0･:･･
98_up_023,23,26,98_up,up,98002,宜野湾高校前,2,0･:･･
98_up_023,23,26,98_up,up,98003,コンベンションセンター前,3,0･:･･
98_up_023,23,26,98_up,up,98004,ラグナガーデンホテル前,4,0･:･･
98_up_023,23,26,98_up,up,98005,県営大山住宅前,5,0･:･･
98_up_023,23,26,98_up,up,98006,老人ホ－ム愛誠園前,6,0･:･･
98_up_023,23,26,98_up,up,98007,市営伊佐住宅前,7,0･:･･
98_up_023,23,26,98_up,up,98008,宜野湾市農協前,8,0･:･･
98_up_023,23,26,98_up,up,98009,伊佐川,9,0･:･･
98_up_023,23,26,98_up,up,98010,喜友名,10,0･:･･
98_up_023,23,26,98_up,up,98011,新城,11,0･:･･
98_up_023,23,26,98_up,up,98012,普天間入口,12,0･:･･
98_up_023,23,26,98_up,up,98013,普天間,13,0･:･･
98_up_023,23,26,98_up,up,98014,普天間市場入口,14,0･:･･
98_up_023,23,26,98_up,up,98015,野嵩,15,0･:･･
98_up_023,23,26,98_up,up,98016,宜野湾市役所前,16,0･:･･
98_up_023,23,26,98_up,up,98017,上原,17,0･:･･
98_up_023,23,26,98_up,up,98018,中原,18,0･:･･
98_up_023,23,26,98_up,up,98019,赤道,19,0･:･･
98_up_023,23,26,98_up,up,98020,愛知,20,0･:･･
98_up_023,23,26,98_up,up,98021,宜野湾,21,0･:･･
98_up_023,23,26,98_up,up,98022,琉大北口駐車場,22,19:40
98_up_023,23,26,98_up,up,98023,志真志三丁目,23,19:41
98_up_023,23,26,98_up,up,98024,志真志ハイツ入口,24,19:42
98_up_023,23,26,98_up,up,98025,志真志住宅前,25,19:44
98_up_023,23,26,98_up,up,98026,長田,26,19:45
98_up_023,23,26,98_up,up,98032,沖縄国際大学入口,32,19:48
98_up_023,23,26,98_up,up,98033,沖縄国際大学前,33,19:49
98_up_023,23,26,98_up,up,98034,第一佐真下,34,19:50
98_up_023,23,26,98_up,up,98035,第二佐真下,35,19:51
98_up_023,23,26,98_up,up,98036,真栄原,36,19:53
98_up_023,23,26,98_up,up,98037,広栄団地入口,37,19:54
98_up_023,23,26,98_up,up,98038,広栄,38,19:55
98_up_023,23,26,98_up,up,98039,嘉数,39,19:57
98_up_023,23,26,98_up,up,98040,浅野浦,40,20:00
98_up_023,23,26,98_up,up,98041,大平,41,20:01
98_up_023,23,26,98_up,up,98042,陽明高校前,42,20:03
98_up_023,23,26,98_up,up,98043,沢岻,43,20:04
98_up_023,23,26,98_up,up,98044,末吉団地前,44,20:05
98_up_023,23,26,98_up,up,98045,古島駅前,45,20:06
98_up_023,23,26,98_up,up,98046,興南高校前,46,20:07
98_up_023,23,26,98_up,up,98047,真嘉比,47,20:08
98_up_023,23,26,98_up,up,98048,おもろまち駅前,48,20:10
98_up_023,23,26,98_up,up,98049,安里一区,49,20:11
98_up_023,23,26,98_up,up,98056,安里,56,20:16
98_up_023,23,26,98_up,up,98057,牧志,57,20:17
98_up_023,23,26,98_up,up,98058,ホテルコレクティブ前,58,20:22
98_up_023,23,26,98_up,up,98059,県庁北口,59,20:27
98_up_023,23,26,98_up,up,98060,旭橋,60,20:31
98_up_023,23,26,98_up,up,98061,公園前,61,20:35
98_up_023,23,26,98_up,up,98062,軍桟橋前,62,20:36
98_up_023,23,26,98_up,up,98063,山下,63,20:37
98_up_023,23,26,98_up,up,98064,小禄入口,64,20:39
98_up_023,23,26,98_up,up,98065,小禄,65,20:41
98_up_023,23,26,98_up,up,98066,小禄自治会館入口,66,20:43
98_up_023,23,26,98_up,up,98067,小禄南小学校入口,67,20:44
98_up_023,23,26,98_up,up,98068,宇栄原団地前,68,20:46
98_up_023,23,26,98_up,up,98069,とみぐすく南,69,20:48
98_up_023,23,26,98_up,up,98070,平和台北口,70,20:49
98_up_023,23,26,98_up,up,98071,宜保公民館前,71,20:50
98_up_023,23,26,98_up,up,98072,宜保,72,20:51
98_up_023,23,26,98_up,up,98073,豊見城中央病院前,73,20:54
98_up_023,23,26,98_up,up,98074,平和台団地入口,74,20:55
98_up_023,23,26,98_up,up,98075,我那覇,75,20:58
98_up_023,23,26,98_up,up,98076,伊良波,76,20:59
98_up_023,23,26,98_up,up,98077,座安入口,77,21:00
98_up_023,23,26,98_up,up,98078,与根入口,78,21:01
98_up_023,23,26,98_up,up,98079,翁長北,79,21:03
98_up_023,23,26,98_up,up,98080,豊崎入口,80,21:05
98_up_023,23,26,98_up,up,98081,アウトレットモールあしびなー前,81,21:06
98_up_023,23,26,98_up,up,98082,道の駅豊崎,82,21:07
98_up_023,23,26,98_up,up,98083,豊崎美らSUNビーチ前,83,21:10
98_up_024,24,27,98_up,up,98001,宜野湾営業所,1,0･:･･
98_up_024,24,27,98_up,up,98002,宜野湾高校前,2,0･:･･
98_up_024,24,27,98_up,up,98003,コンベンションセンター前,3,0･:･･
98_up_024,24,27,98_up,up,98004,ラグナガーデンホテル前,4,0･:･･
98_up_024,24,27,98_up,up,98005,県営大山住宅前,5,0･:･･
98_up_024,24,27,98_up,up,98006,老人ホ－ム愛誠園前,6,0･:･･
98_up_024,24,27,98_up,up,98007,市営伊佐住宅前,7,0･:･･
98_up_024,24,27,98_up,up,98008,宜野湾市農協前,8,0･:･･
98_up_024,24,27,98_up,up,98009,伊佐川,9,0･:･･
98_up_024,24,27,98_up,up,98010,喜友名,10,0･:･･
98_up_024,24,27,98_up,up,98011,新城,11,0･:･･
98_up_024,24,27,98_up,up,98012,普天間入口,12,0･:･･
98_up_024,24,27,98_up,up,98013,普天間,13,0･:･･
98_up_024,24,27,98_up,up,98014,普天間市場入口,14,0･:･･
98_up_024,24,27,98_up,up,98015,野嵩,15,0･:･･
98_up_024,24,27,98_up,up,98016,宜野湾市役所前,16,0･:･･
98_up_024,24,27,98_up,up,98017,上原,17,0･:･･
98_up_024,24,27,98_up,up,98018,中原,18,0･:･･
98_up_024,24,27,98_up,up,98019,赤道,19,0･:･･
98_up_024,24,27,98_up,up,98020,愛知,20,0･:･･
98_up_024,24,27,98_up,up,98021,宜野湾,21,0･:･･
98_up_024,24,27,98_up,up,98022,琉大北口駐車場,22,20:30
98_up_024,24,27,98_up,up,98023,志真志三丁目,23,20:31
98_up_024,24,27,98_up,up,98024,志真志ハイツ入口,24,20:32
98_up_024,24,27,98_up,up,98025,志真志住宅前,25,20:34
98_up_024,24,27,98_up,up,98026,長田,26,20:35
98_up_024,24,27,98_up,up,98032,沖縄国際大学入口,32,20:38
98_up_024,24,27,98_up,up,98033,沖縄国際大学前,33,20:39
98_up_024,24,27,98_up,up,98034,第一佐真下,34,20:40
98_up_024,24,27,98_up,up,98035,第二佐真下,35,20:41
98_up_024,24,27,98_up,up,98036,真栄原,36,20:43
98_up_024,24,27,98_up,up,98037,広栄団地入口,37,20:44
98_up_024,24,27,98_up,up,98038,広栄,38,20:45
98_up_024,24,27,98_up,up,98039,嘉数,39,20:47
98_up_024,24,27,98_up,up,98040,浅野浦,40,20:49
98_up_024,24,27,98_up,up,98041,大平,41,20:50
98_up_024,24,27,98_up,up,98042,陽明高校前,42,20:52
98_up_024,24,27,98_up,up,98043,沢岻,43,20:53
98_up_024,24,27,98_up,up,98044,末吉団地前,44,20:54
98_up_024,24,27,98_up,up,98045,古島駅前,45,20:55
98_up_024,24,27,98_up,up,98046,興南高校前,46,20:56
98_up_024,24,27,98_up,up,98047,真嘉比,47,20:58
98_up_024,24,27,98_up,up,98048,おもろまち駅前,48,21:00
98_up_024,24,27,98_up,up,98049,安里一区,49,21:01
98_up_024,24,27,98_up,up,98056,安里,56,21:06
98_up_024,24,27,98_up,up,98057,牧志,57,21:07
98_up_024,24,27,98_up,up,98058,ホテルコレクティブ前,58,21:12
98_up_024,24,27,98_up,up,98059,県庁北口,59,21:16
98_up_024,24,27,98_up,up,98060,旭橋,60,21:19
98_up_024,24,27,98_up,up,98061,公園前,61,21:23
98_up_024,24,27,98_up,up,98062,軍桟橋前,62,21:24
98_up_024,24,27,98_up,up,98063,山下,63,21:25
98_up_024,24,27,98_up,up,98064,小禄入口,64,21:27
98_up_024,24,27,98_up,up,98065,小禄,65,21:29
98_up_024,24,27,98_up,up,98066,小禄自治会館入口,66,21:31
98_up_024,24,27,98_up,up,98067,小禄南小学校入口,67,21:32
98_up_024,24,27,98_up,up,98068,宇栄原団地前,68,21:34
98_up_024,24,27,98_up,up,98069,とみぐすく南,69,21:36
98_up_024,24,27,98_up,up,98070,平和台北口,70,21:38
98_up_024,24,27,98_up,up,98071,宜保公民館前,71,21:39
98_up_024,24,27,98_up,up,98072,宜保,72,21:40
98_up_024,24,27,98_up,up,98073,豊見城中央病院前,73,21:42
98_up_024,24,27,98_up,up,98074,平和台団地入口,74,21:43
98_up_024,24,27,98_up,up,98075,我那覇,75,21:45
98_up_024,24,27,98_up,up,98076,伊良波,76,21:45
98_up_024,24,27,98_up,up,98077,座安入口,77,21:46
98_up_024,24,27,98_up,up,98078,与根入口,78,21:46
98_up_024,24,27,98_up,up,98079,翁長北,79,21:47
98_up_024,24,27,98_up,up,98080,豊崎入口,80,21:49
98_up_024,24,27,98_up,up,98081,アウトレットモールあしびなー前,81,21:50
98_up_024,24,27,98_up,up,98082,道の駅豊崎,82,21:51
98_up_024,24,27,98_up,up,98083,豊崎美らSUNビーチ前,83,21:53
98_up_025,25,29,98_up,up,98001,宜野湾営業所,1,0･:･･
98_up_025,25,29,98_up,up,98002,宜野湾高校前,2,0･:･･
98_up_025,25,29,98_up,up,98003,コンベンションセンター前,3,0･:･･
98_up_025,25,29,98_up,up,98004,ラグナガーデンホテル前,4,0･:･･
98_up_025,25,29,98_up,up,98005,県営大山住宅前,5,0･:･･
98_up_025,25,29,98_up,up,98006,老人ホ－ム愛誠園前,6,0･:･･
98_up_025,25,29,98_up,up,98007,市営伊佐住宅前,7,0･:･･
98_up_025,25,29,98_up,up,98008,宜野湾市農協前,8,0･:･･
98_up_025,25,29,98_up,up,98009,伊佐川,9,0･:･･
98_up_025,25,29,98_up,up,98010,喜友名,10,0･:･･
98_up_025,25,29,98_up,up,98011,新城,11,0･:･･
98_up_025,25,29,98_up,up,98012,普天間入口,12,0･:･･
98_up_025,25,29,98_up,up,98013,普天間,13,0･:･･
98_up_025,25,29,98_up,up,98014,普天間市場入口,14,0･:･･
98_up_025,25,29,98_up,up,98015,野嵩,15,0･:･･
98_up_025,25,29,98_up,up,98016,宜野湾市役所前,16,0･:･･
98_up_025,25,29,98_up,up,98017,上原,17,0･:･･
98_up_025,25,29,98_up,up,98018,中原,18,0･:･･
98_up_025,25,29,98_up,up,98019,赤道,19,0･:･･
98_up_025,25,29,98_up,up,98020,愛知,20,0･:･･
98_up_025,25,29,98_up,up,98021,宜野湾,21,0･:･･
98_up_025,25,29,98_up,up,98022,琉大北口駐車場,22,21:30
98_up_025,25,29,98_up,up,98023,志真志三丁目,23,21:31
98_up_025,25,29,98_up,up,98024,志真志ハイツ入口,24,21:32
98_up_025,25,29,98_up,up,98025,志真志住宅前,25,21:33
98_up_025,25,29,98_up,up,98026,長田,26,21:34
98_up_025,25,29,98_up,up,98032,沖縄国際大学入口,32,21:36
98_up_025,25,29,98_up,up,98033,沖縄国際大学前,33,21:37
98_up_025,25,29,98_up,up,98034,第一佐真下,34,21:38
98_up_025,25,29,98_up,up,98035,第二佐真下,35,21:39
98_up_025,25,29,98_up,up,98036,真栄原,36,21:41
98_up_025,25,29,98_up,up,98037,広栄団地入口,37,21:42
98_up_025,25,29,98_up,up,98038,広栄,38,21:43
98_up_025,25,29,98_up,up,98039,嘉数,39,21:45
98_up_025,25,29,98_up,up,98040,浅野浦,40,21:47
98_up_025,25,29,98_up,up,98041,大平,41,21:48
98_up_025,25,29,98_up,up,98042,陽明高校前,42,21:50
98_up_025,25,29,98_up,up,98043,沢岻,43,21:51
98_up_025,25,29,98_up,up,98044,末吉団地前,44,21:52
98_up_025,25,29,98_up,up,98045,古島駅前,45,21:53
98_up_025,25,29,98_up,up,98046,興南高校前,46,21:54
98_up_025,25,29,98_up,up,98047,真嘉比,47,21:55
98_up_025,25,29,98_up,up,98048,おもろまち駅前,48,21:57
98_up_025,25,29,98_up,up,98049,安里一区,49,21:58
98_up_025,25,29,98_up,up,98056,安里,56,22:03
98_up_025,25,29,98_up,up,98057,牧志,57,22:04
98_up_025,25,29,98_up,up,98058,ホテルコレクティブ前,58,22:08
98_up_025,25,29,98_up,up,98059,県庁北口,59,22:13
98_up_025,25,29,98_up,up,98060,旭橋,60,22:16
98_up_025,25,29,98_up,up,98061,公園前,61,22:20
98_up_025,25,29,98_up,up,98062,軍桟橋前,62,22:21
98_up_025,25,29,98_up,up,98063,山下,63,22:22
98_up_025,25,29,98_up,up,98064,小禄入口,64,22:24
98_up_025,25,29,98_up,up,98065,小禄,65,22:25
98_up_025,25,29,98_up,up,98066,小禄自治会館入口,66,22:27
98_up_025,25,29,98_up,up,98067,小禄南小学校入口,67,22:28
98_up_025,25,29,98_up,up,98068,宇栄原団地前,68,22:30
98_up_025,25,29,98_up,up,98069,とみぐすく南,69,22:32
98_up_025,25,29,98_up,up,98070,平和台北口,70,22:33
98_up_025,25,29,98_up,up,98071,宜保公民館前,71,22:34
98_up_025,25,29,98_up,up,98072,宜保,72,22:35
98_up_025,25,29,98_up,up,98073,豊見城中央病院前,73,22:37
98_up_025,25,29,98_up,up,98074,平和台団地入口,74,22:38
98_up_025,25,29,98_up,up,98075,我那覇,75,22:41
98_up_025,25,29,98_up,up,98076,伊良波,76,22:41
98_up_025,25,29,98_up,up,98077,座安入口,77,22:42
98_up_025,25,29,98_up,up,98078,与根入口,78,22:42
98_up_025,25,29,98_up,up,98079,翁長北,79,22:43
98_up_025,25,29,98_up,up,98080,豊崎入口,80,22:45
98_up_025,25,29,98_up,up,98081,アウトレットモールあしびなー前,81,22:46
98_up_025,25,29,98_up,up,98082,道の駅豊崎,82,22:47
98_up_025,25,29,98_up,up,98083,豊崎美らSUNビーチ前,83,22:49
98_up_026,26,22,98_up,up,98001,宜野湾営業所,1,16:30
98_up_026,26,22,98_up,up,98002,宜野湾高校前,2,16:31
98_up_026,26,22,98_up,up,98003,コンベンションセンター前,3,16:33
98_up_026,26,22,98_up,up,98004,ラグナガーデンホテル前,4,16:34
98_up_026,26,22,98_up,up,98005,県営大山住宅前,5,16:35
98_up_026,26,22,98_up,up,98006,老人ホ－ム愛誠園前,6,16:37
98_up_026,26,22,98_up,up,98007,市営伊佐住宅前,7,16:39
98_up_026,26,22,98_up,up,98008,宜野湾市農協前,8,16:41
98_up_026,26,22,98_up,up,98009,伊佐川,9,16:43
98_up_026,26,22,98_up,up,98010,喜友名,10,16:46
98_up_026,26,22,98_up,up,98011,新城,11,16:48
98_up_026,26,22,98_up,up,98012,普天間入口,12,16:51
98_up_026,26,22,98_up,up,98013,普天間,13,16:56
98_up_026,26,22,98_up,up,98014,普天間市場入口,14,16:57
98_up_026,26,22,98_up,up,98015,野嵩,15,16:59
98_up_026,26,22,98_up,up,98016,宜野湾市役所前,16,17:01
98_up_026,26,22,98_up,up,98017,上原,17,17:04
98_up_026,26,22,98_up,up,98018,中原,18,17:05
98_up_026,26,22,98_up,up,98019,赤道,19,17:07
98_up_026,26,22,98_up,up,98020,愛知,20,17:09
98_up_026,26,22,98_up,up,98021,宜野湾,21,17:10
98_up_026,26,22,98_up,up,98027,長田,27,17:13
98_up_026,26,22,98_up,up,98028,志真志,28,17:15
98_up_026,26,22,98_up,up,98029,中部商業高校前,29,17:18
98_up_026,26,22,98_up,up,98030,我如古,30,17:20
98_up_026,26,22,98_up,up,98031,佐真下,31,17:21
98_up_026,26,22,98_up,up,98036,真栄原,36,17:23
98_up_026,26,22,98_up,up,98037,広栄団地入口,37,17:24
98_up_026,26,22,98_up,up,98038,広栄,38,17:27
98_up_026,26,22,98_up,up,98039,嘉数,39,17:30
98_up_026,26,22,98_up,up,98040,浅野浦,40,17:32
98_up_026,26,22,98_up,up,98041,大平,41,17:34
98_up_026,26,22,98_up,up,98042,陽明高校前,42,17:37
98_up_026,26,22,98_up,up,98043,沢岻,43,17:39
98_up_026,26,22,98_up,up,98044,末吉団地前,44,17:41
98_up_026,26,22,98_up,up,98045,古島駅前,45,17:42
98_up_026,26,22,98_up,up,98046,興南高校前,46,17:45
98_up_026,26,22,98_up,up,98047,真嘉比,47,17:48
98_up_026,26,22,98_up,up,98048,おもろまち駅前,48,17:51
98_up_026,26,22,98_up,up,98049,安里一区,49,17:57
98_up_026,26,22,98_up,up,98056,安里,56,18:01
98_up_026,26,22,98_up,up,98057,牧志,57,18:03
98_up_026,26,22,98_up,up,98058,ホテルコレクティブ前,58,18:07
98_up_026,26,22,98_up,up,98059,県庁北口,59,18:12
98_up_026,26,22,98_up,up,98060,旭橋,60,18:15
98_up_026,26,22,98_up,up,98061,公園前,61,18:18
98_up_026,26,22,98_up,up,98062,軍桟橋前,62,18:19
98_up_026,26,22,98_up,up,98063,山下,63,18:22
98_up_026,26,22,98_up,up,98064,小禄入口,64,18:25
98_up_026,26,22,98_up,up,98065,小禄,65,18:27
98_up_026,26,22,98_up,up,98066,小禄自治会館入口,66,18:28
98_up_026,26,22,98_up,up,98067,小禄南小学校入口,67,18:29
98_up_026,26,22,98_up,up,98068,宇栄原団地前,68,18:30
98_up_026,26,22,98_up,up,98069,とみぐすく南,69,18:33
98_up_026,26,22,98_up,up,98070,平和台北口,70,18:35
98_up_026,26,22,98_up,up,98071,宜保公民館前,71,18:36
98_up_026,26,22,98_up,up,98072,宜保,72,18:38
98_up_026,26,22,98_up,up,98073,豊見城中央病院前,73,18:40
98_up_026,26,22,98_up,up,98074,平和台団地入口,74,18:41
98_up_026,26,22,98_up,up,98075,我那覇,75,18:44
98_up_026,26,22,98_up,up,98076,伊良波,76,18:44
98_up_026,26,22,98_up,up,98077,座安入口,77,18:45
98_up_026,26,22,98_up,up,98078,与根入口,78,18:46
98_up_026,26,22,98_up,up,98079,翁長北,79,18:48
98_up_026,26,22,98_up,up,98080,豊崎入口,80,18:50
98_up_026,26,22,98_up,up,98081,アウトレットモールあしびなー前,81,18:51
98_up_026,26,22,98_up,up,98082,道の駅豊崎,82,18:52
98_up_026,26,22,98_up,up,98083,豊崎美らSUNビーチ前,83,18:53
98_up_027,27,28,98_up,up,98001,宜野湾営業所,1,20:30
98_up_027,27,28,98_up,up,98002,宜野湾高校前,2,20:30
98_up_027,27,28,98_up,up,98003,コンベンションセンター前,3,20:32
98_up_027,27,28,98_up,up,98004,ラグナガーデンホテル前,4,20:33
98_up_027,27,28,98_up,up,98005,県営大山住宅前,5,20:34
98_up_027,27,28,98_up,up,98006,老人ホ－ム愛誠園前,6,20:37
98_up_027,27,28,98_up,up,98007,市営伊佐住宅前,7,20:38
98_up_027,27,28,98_up,up,98008,宜野湾市農協前,8,20:39
98_up_027,27,28,98_up,up,98009,伊佐川,9,20:41
98_up_027,27,28,98_up,up,98010,喜友名,10,20:43
98_up_027,27,28,98_up,up,98011,新城,11,20:44
98_up_027,27,28,98_up,up,98012,普天間入口,12,20:45
98_up_027,27,28,98_up,up,98013,普天間,13,20:47
98_up_027,27,28,98_up,up,98014,普天間市場入口,14,20:48
98_up_027,27,28,98_up,up,98015,野嵩,15,20:49
98_up_027,27,28,98_up,up,98016,宜野湾市役所前,16,20:50
98_up_027,27,28,98_up,up,98017,上原,17,20:52
98_up_027,27,28,98_up,up,98018,中原,18,20:53
98_up_027,27,28,98_up,up,98019,赤道,19,20:54
98_up_027,27,28,98_up,up,98020,愛知,20,20:55
98_up_027,27,28,98_up,up,98021,宜野湾,21,20:56
98_up_027,27,28,98_up,up,98027,長田,27,20:57
98_up_027,27,28,98_up,up,98028,志真志,28,20:59
98_up_027,27,28,98_up,up,98029,中部商業高校前,29,21:01
98_up_027,27,28,98_up,up,98030,我如古,30,21:03
98_up_027,27,28,98_up,up,98031,佐真下,31,21:04
98_up_027,27,28,98_up,up,98036,真栄原,36,21:06
98_up_027,27,28,98_up,up,98037,広栄団地入口,37,21:07
98_up_027,27,28,98_up,up,98038,広栄,38,21:08
98_up_027,27,28,98_up,up,98039,嘉数,39,21:11
98_up_027,27,28,98_up,up,98040,浅野浦,40,21:13
98_up_027,27,28,98_up,up,98041,大平,41,21:14
98_up_027,27,28,98_up,up,98042,陽明高校前,42,21:15
98_up_027,27,28,98_up,up,98043,沢岻,43,21:16
98_up_027,27,28,98_up,up,98044,末吉団地前,44,21:17
98_up_027,27,28,98_up,up,98045,古島駅前,45,21:18
98_up_027,27,28,98_up,up,98046,興南高校前,46,21:19
98_up_027,27,28,98_up,up,98047,真嘉比,47,21:20
98_up_027,27,28,98_up,up,98048,おもろまち駅前,48,21:22
98_up_027,27,28,98_up,up,98049,安里一区,49,21:23
98_up_027,27,28,98_up,up,98056,安里,56,21:28
98_up_027,27,28,98_up,up,98057,牧志,57,21:29
98_up_027,27,28,98_up,up,98058,ホテルコレクティブ前,58,21:34
98_up_027,27,28,98_up,up,98059,県庁北口,59,21:39
98_up_027,27,28,98_up,up,98060,旭橋,60,21:42
98_up_027,27,28,98_up,up,98061,公園前,61,21:45
98_up_027,27,28,98_up,up,98062,軍桟橋前,62,21:46
98_up_027,27,28,98_up,up,98063,山下,63,21:47
98_up_027,27,28,98_up,up,98064,小禄入口,64,21:48
98_up_027,27,28,98_up,up,98065,小禄,65,21:49
98_up_027,27,28,98_up,up,98066,小禄自治会館入口,66,21:51
98_up_027,27,28,98_up,up,98067,小禄南小学校入口,67,21:52
98_up_027,27,28,98_up,up,98068,宇栄原団地前,68,21:53
98_up_027,27,28,98_up,up,98069,とみぐすく南,69,21:55
98_up_027,27,28,98_up,up,98070,平和台北口,70,21:56
98_up_027,27,28,98_up,up,98071,宜保公民館前,71,21:57
98_up_027,27,28,98_up,up,98072,宜保,72,21:58
98_up_027,27,28,98_up,up,98073,豊見城中央病院前,73,22:00
98_up_027,27,28,98_up,up,98074,平和台団地入口,74,22:01
98_up_027,27,28,98_up,up,98075,我那覇,75,22:03
98_up_027,27,28,98_up,up,98076,伊良波,76,22:04
98_up_027,27,28,98_up,up,98077,座安入口,77,22:05
98_up_027,27,28,98_up,up,98078,与根入口,78,22:06
98_up_027,27,28,98_up,up,98079,翁長北,79,22:08
98_up_027,27,28,98_up,up,98080,豊崎入口,80,22:10
98_up_027,27,28,98_up,up,98081,アウトレットモールあしびなー前,81,22:11
98_up_027,27,28,98_up,up,98082,道の駅豊崎,82,22:12
98_up_027,27,28,98_up,up,98083,豊崎美らSUNビーチ前,83,22:15
